Package,LibPath,Version,Priority,Depends,Imports,LinkingTo,Suggests,Enhances,License,License_is_FOSS,License_restricts_use,OS_type,MD5sum,NeedsCompilation,Built
abind,/Library/Frameworks/R.framework/Versions/3.4/Resources/library,1.4-5,NA,R (>= 1.5.0),"methods, utils",NA,NA,NA,LGPL (>= 2),NA,NA,NA,NA,no,3.4.0
acepack,/Library/Frameworks/R.framework/Versions/3.4/Resources/library,1.4.1,NA,NA,NA,NA,testthat,NA,MIT + file LICENSE,NA,NA,NA,NA,yes,3.4.0
alluvial,/Library/Frameworks/R.framework/Versions/3.4/Resources/library,0.1-2,NA,NA,NA,NA,"devtools, testthat, reshape2, knitr, rmarkdown, dplyr",NA,MIT + file LICENSE,NA,NA,NA,NA,no,3.4.0
animation,/Library/Frameworks/R.framework/Versions/3.4/Resources/library,2.5,NA,R (>= 2.14.0),NA,NA,"MASS, class, testit",NA,GPL,NA,NA,NA,NA,no,3.4.0
assertthat,/Library/Frameworks/R.framework/Versions/3.4/Resources/library,0.2.0,NA,NA,tools,NA,testthat,NA,GPL-3,NA,NA,NA,NA,no,3.4.0
AUC,/Library/Frameworks/R.framework/Versions/3.4/Resources/library,0.3.0,NA,NA,NA,NA,NA,NA,GPL (>= 2),NA,NA,NA,NA,no,3.4.0
backports,/Library/Frameworks/R.framework/Versions/3.4/Resources/library,1.1.0,NA,R (>= 3.0.0),utils,NA,NA,NA,GPL-2,NA,NA,NA,NA,no,3.4.0
base,/Library/Frameworks/R.framework/Versions/3.4/Resources/library,3.4.3,base,NA,NA,NA,methods,NA,Part of R 3.4.3,NA,NA,NA,NA,NA,3.4.3
base64enc,/Library/Frameworks/R.framework/Versions/3.4/Resources/library,0.1-3,NA,R (>= 2.9.0),NA,NA,NA,png,GPL-2 | GPL-3,NA,NA,NA,NA,yes,3.4.0
BH,/Library/Frameworks/R.framework/Versions/3.4/Resources/library,1.65.0-1,NA,NA,NA,NA,NA,NA,BSL-1.0,NA,NA,NA,NA,no,3.4.1
bindr,/Library/Frameworks/R.framework/Versions/3.4/Resources/library,0.1,NA,NA,NA,NA,testthat,NA,MIT + file LICENSE,NA,NA,NA,NA,no,3.4.0
bindrcpp,/Library/Frameworks/R.framework/Versions/3.4/Resources/library,0.2,NA,NA,"Rcpp, bindr","Rcpp, plogr",testthat,NA,MIT + file LICENSE,NA,NA,NA,NA,yes,3.4.0
binman,/Library/Frameworks/R.framework/Versions/3.4/Resources/library,0.1.0,NA,R (>= 3.3),"rappdirs, yaml, httr, jsonlite, xml2, utils, stats,
assertthat, semver",NA,"testthat, covr, knitr, rmarkdown",NA,MIT + file LICENSE,NA,NA,NA,NA,no,3.4.0
bit,/Library/Frameworks/R.framework/Versions/3.4/Resources/library,1.1-12,NA,R (>= 2.9.2),NA,NA,NA,NA,GPL-2,NA,NA,NA,NA,yes,3.4.0
bit64,/Library/Frameworks/R.framework/Versions/3.4/Resources/library,0.9-7,NA,"R (>= 3.0.1), bit (>= 1.1-12), utils, methods, stats",NA,NA,NA,NA,GPL-2,NA,NA,NA,NA,yes,3.4.0
bitops,/Library/Frameworks/R.framework/Versions/3.4/Resources/library,1.0-6,NA,NA,NA,NA,NA,NA,GPL (>= 2),NA,NA,NA,NA,yes,3.4.0
blob,/Library/Frameworks/R.framework/Versions/3.4/Resources/library,1.1.0,NA,NA,tibble,NA,"testthat, covr",NA,GPL-3,NA,NA,NA,NA,no,3.4.0
blogdown,/Library/Frameworks/R.framework/Versions/3.4/Resources/library,0.4,NA,NA,"rmarkdown, bookdown (>= 0.5), knitr (>= 1.17), htmltools, yaml
(>= 2.1.14), httpuv, servr (>= 0.8)",NA,"testit, shiny, miniUI, RcppTOML, stringr, rstudioapi, tools,
processx, later, xaringan",NA,GPL-3,NA,NA,NA,NA,no,3.4.3
bookdown,/Library/Frameworks/R.framework/Versions/3.4/Resources/library,0.5,NA,NA,"htmltools (>= 0.3.6), knitr (>= 1.16), rmarkdown (>= 1.5),
yaml (>= 2.1.14)",NA,"htmlwidgets, rstudioapi, miniUI, rsconnect (>= 0.4.3), servr
(>= 0.3), shiny, testit (>= 0.5), tufte, webshot",NA,GPL-3,NA,NA,NA,NA,no,3.4.1
boot,/Library/Frameworks/R.framework/Versions/3.4/Resources/library,1.3-20,recommended,"R (>= 3.0.0), graphics, stats",NA,NA,"MASS, survival",NA,Unlimited,NA,NA,NA,NA,no,3.4.3
brew,/Library/Frameworks/R.framework/Versions/3.4/Resources/library,1.0-6,NA,NA,NA,NA,NA,NA,GPL-2,NA,NA,NA,NA,NA,3.4.0
broom,/Library/Frameworks/R.framework/Versions/3.4/Resources/library,0.4.3,NA,NA,"plyr, dplyr, tidyr, psych, stringr, reshape2, nlme, methods",NA,"knitr, boot, survival, gam, glmnet, lfe, Lahman, MASS, sp,
maps, maptools, multcomp, testthat, lme4, zoo, lmtest, plm,
biglm, ggplot2, nnet, geepack, AUC, ergm, network,
statnet.common, xergm, btergm, binGroup, Hmisc, bbmle, gamlss,
rstan, rstanarm, brms, coda, gmm, Matrix, ks, purrr, orcutt,
mgcv, lmodel2, poLCA, mclust, covr, lsmeans, emmeans, betareg,
robust, akima, AER, muhaz, speedglm, tibble",NA,MIT + file LICENSE,NA,NA,NA,NA,no,3.4.2
callr,/Library/Frameworks/R.framework/Versions/3.4/Resources/library,1.0.0,NA,NA,NA,NA,"covr, testthat",NA,MIT + file LICENSE,NA,NA,NA,NA,no,3.4.0
car,/Library/Frameworks/R.framework/Versions/3.4/Resources/library,2.1-6,NA,R (>= 3.2.0),"MASS, mgcv, nnet, pbkrtest (>= 0.4-4), quantreg, grDevices,
utils, stats, graphics",NA,"alr4, boot, coxme, leaps, lme4, lmtest, Matrix, MatrixModels,
nlme, rgl (>= 0.93.960), sandwich, SparseM, survival, survey",NA,GPL (>= 2),NA,NA,NA,NA,no,3.4.3
caTools,/Library/Frameworks/R.framework/Versions/3.4/Resources/library,1.17.1,NA,R (>= 2.2.0),bitops,NA,"MASS, rpart",NA,GPL-3,NA,NA,NA,NA,yes,3.4.0
cellranger,/Library/Frameworks/R.framework/Versions/3.4/Resources/library,1.1.0,NA,R (>= 3.0.0),"rematch, tibble",NA,"covr, testthat (>= 1.0.0), knitr, rmarkdown",NA,MIT + file LICENSE,NA,NA,NA,NA,no,3.4.0
checkmate,/Library/Frameworks/R.framework/Versions/3.4/Resources/library,1.8.5,NA,R (>= 3.0.0),"backports (>= 1.1.0), utils",NA,"R6, bit, fastmatch, data.table (>= 1.9.8), devtools, ggplot2,
knitr, magrittr, microbenchmark, rmarkdown, testthat (>=
0.11.0), tibble",NA,BSD_3_clause + file LICENSE,NA,NA,NA,NA,yes,3.4.2
class,/Library/Frameworks/R.framework/Versions/3.4/Resources/library,7.3-14,recommended,"R (>= 3.0.0), stats, utils",MASS,NA,NA,NA,GPL-2 | GPL-3,NA,NA,NA,NA,yes,3.4.3
classInt,/Library/Frameworks/R.framework/Versions/3.4/Resources/library,0.1-24,NA,R (>= 2.2),"grDevices, stats, graphics, e1071, class",NA,NA,NA,GPL (>= 2),NA,NA,NA,NA,yes,3.4.0
cli,/Library/Frameworks/R.framework/Versions/3.4/Resources/library,1.0.0,NA,R (>= 2.10),"assertthat, crayon, methods",NA,"covr, mockery, testthat, withr",NA,MIT + file LICENSE,NA,NA,NA,NA,no,3.4.2
clipr,/Library/Frameworks/R.framework/Versions/3.4/Resources/library,0.4.0,NA,NA,utils,NA,"rstudioapi (>= 0.5), testthat",NA,GPL-3,NA,NA,NA,NA,no,3.4.2
clisymbols,/Library/Frameworks/R.framework/Versions/3.4/Resources/library,1.2.0,NA,NA,NA,NA,testthat,NA,MIT + file LICENSE,NA,NA,NA,NA,no,3.4.0
cluster,/Library/Frameworks/R.framework/Versions/3.4/Resources/library,2.0.6,recommended,R (>= 3.0.1),"graphics, grDevices, stats, utils",NA,MASS,NA,GPL (>= 2),NA,NA,NA,NA,yes,3.4.3
coda,/Library/Frameworks/R.framework/Versions/3.4/Resources/library,0.19-1,NA,R (>= 2.14.0),lattice,NA,NA,NA,GPL (>= 2),NA,NA,NA,NA,no,3.4.0
codetools,/Library/Frameworks/R.framework/Versions/3.4/Resources/library,0.2-15,recommended,R (>= 2.1),NA,NA,NA,NA,GPL,NA,NA,NA,NA,no,3.4.3
colorspace,/Library/Frameworks/R.framework/Versions/3.4/Resources/library,1.3-2,NA,"R (>= 2.13.0), methods","graphics, grDevices",NA,"datasets, stats, utils, KernSmooth, MASS, kernlab, mvtnorm,
vcd, dichromat, tcltk, shiny, shinyjs",NA,BSD_3_clause + file LICENSE,NA,NA,NA,NA,yes,3.4.0
commonmark,/Library/Frameworks/R.framework/Versions/3.4/Resources/library,1.2,NA,NA,NA,NA,curl,NA,BSD_2_clause + file LICENSE,NA,NA,NA,NA,yes,3.4.0
compiler,/Library/Frameworks/R.framework/Versions/3.4/Resources/library,3.4.3,base,NA,NA,NA,NA,NA,Part of R 3.4.3,NA,NA,NA,NA,NA,3.4.3
config,/Library/Frameworks/R.framework/Versions/3.4/Resources/library,0.2,NA,NA,yaml (>= 2.1.13),NA,"testthat, knitr",NA,GPL-3,NA,NA,NA,NA,no,3.4.0
cowplot,/Library/Frameworks/R.framework/Versions/3.4/Resources/library,0.8.0,NA,"R (>= 3.3.0), ggplot2 (>= 2.1.0),","grid (>= 3.0.0), gtable (>= 0.1.2), plyr (>= 1.8.2),
grDevices, methods, utils",NA,"knitr, gridGraphics, viridis",NA,GPL-2,NA,NA,NA,NA,no,3.4.1
crayon,/Library/Frameworks/R.framework/Versions/3.4/Resources/library,1.3.4,NA,NA,"grDevices, methods, utils",NA,"mockery, rstudioapi, testthat, withr",NA,MIT + file LICENSE,NA,NA,NA,NA,no,3.4.1
crosstalk,/Library/Frameworks/R.framework/Versions/3.4/Resources/library,1.0.0,NA,NA,"htmltools (>= 0.3.5), jsonlite, lazyeval, R6, shiny (>= 0.11),
ggplot2",NA,NA,NA,MIT + file LICENSE,NA,NA,NA,NA,no,3.4.0
curl,/Library/Frameworks/R.framework/Versions/3.4/Resources/library,3.1,NA,R (>= 3.0.0),NA,NA,"testthat (>= 1.0.0), knitr, jsonlite, rmarkdown, magrittr,
httpuv, webutils",NA,MIT + file LICENSE,NA,NA,NA,NA,yes,3.4.3
data.table,/Library/Frameworks/R.framework/Versions/3.4/Resources/library,1.10.4-3,NA,R (>= 3.0.0),methods,NA,"bit64, knitr, nanotime, chron, ggplot2 (>= 0.9.0), plyr,
reshape, reshape2, testthat (>= 0.4), hexbin, fastmatch, nlme,
xts, gdata, GenomicRanges, caret, curl, zoo, plm, rmarkdown,
parallel",NA,GPL-3 | file LICENSE,NA,NA,NA,NA,yes,3.4.2
datasets,/Library/Frameworks/R.framework/Versions/3.4/Resources/library,3.4.3,base,NA,NA,NA,NA,NA,Part of R 3.4.3,NA,NA,NA,NA,NA,3.4.3
DBI,/Library/Frameworks/R.framework/Versions/3.4/Resources/library,0.7,NA,"R (>= 3.0.0), methods",NA,NA,"blob, covr, hms, knitr, magrittr, rprojroot, rmarkdown,
RSQLite (>= 1.1-2), testthat, xml2",NA,LGPL (>= 2),NA,NA,NA,NA,no,3.4.0
dbplyr,/Library/Frameworks/R.framework/Versions/3.4/Resources/library,1.1.0,NA,R (>= 3.1.2),"assertthat, DBI (>= 0.5), dplyr (>= 0.5.0.9004), glue,
methods, purrr, rlang (>= 0.1.0), tibble (>= 1.3.0.9007), R6,
utils",NA,"covr, knitr, Lahman (>= 3.0-1), nycflights13, rmarkdown,
RSQLite (>= 1.0.0), RMySQL, RPostgreSQL, testthat",NA,MIT + file LICENSE,NA,NA,NA,NA,no,3.4.1
deldir,/Library/Frameworks/R.framework/Versions/3.4/Resources/library,0.1-14,NA,R (>= 0.99),"graphics, grDevices",NA,polyclip,NA,GPL (>= 2),NA,NA,NA,NA,yes,3.4.0
DEoptimR,/Library/Frameworks/R.framework/Versions/3.4/Resources/library,1.0-8,NA,NA,stats,NA,NA,robustbase,GPL (>= 2),NA,NA,NA,NA,no,3.4.0
desc,/Library/Frameworks/R.framework/Versions/3.4/Resources/library,1.1.0,NA,R (>= 3.2.0),"assertthat, utils, R6, crayon, rprojroot",NA,"covr, testthat, whoami, withr",NA,MIT + file LICENSE,NA,NA,NA,NA,no,3.4.0
devtools,/Library/Frameworks/R.framework/Versions/3.4/Resources/library,1.13.2,NA,R (>= 3.0.2),"httr (>= 0.4), utils, tools, methods, memoise (>= 1.0.0),
whisker, digest, rstudioapi (>= 0.2.0), jsonlite, stats, git2r
(>= 0.11.0), withr",NA,"curl (>= 0.9), crayon, testthat (>= 1.0.2), BiocInstaller,
Rcpp (>= 0.10.0), MASS, rmarkdown, knitr, hunspell (>= 2.0),
lintr (>= 0.2.1), bitops, roxygen2 (>= 5.0.0), evaluate,
rversions, covr, gmailr (> 0.7.0)",NA,GPL (>= 2),NA,NA,NA,NA,no,3.4.0
dichromat,/Library/Frameworks/R.framework/Versions/3.4/Resources/library,2.0-0,NA,"R (>= 2.10), stats",NA,NA,NA,NA,GPL-2,NA,NA,NA,NA,NA,3.4.0
digest,/Library/Frameworks/R.framework/Versions/3.4/Resources/library,0.6.14,NA,R (>= 2.4.1),NA,NA,"knitr, rmarkdown",NA,GPL (>= 2),NA,NA,NA,NA,yes,3.4.3
diptest,/Library/Frameworks/R.framework/Versions/3.4/Resources/library,0.75-7,NA,NA,NA,NA,NA,NA,GPL (>= 2),NA,NA,NA,NA,yes,3.4.0
doParallel,/Library/Frameworks/R.framework/Versions/3.4/Resources/library,1.0.11,NA,"R (>= 2.14.0), foreach(>= 1.2.0), iterators(>= 1.0.0),
parallel, utils",NA,NA,"caret, mlbench, rpart","compiler, RUnit",GPL-2,NA,NA,NA,NA,no,3.4.2
dotCall64,/Library/Frameworks/R.framework/Versions/3.4/Resources/library,0.9-04,NA,R (>= 3.1),NA,NA,"microbenchmark, OpenMPController, RColorBrewer, roxygen2,
spam, testthat,",NA,GPL (>= 2),NA,NA,NA,NA,yes,3.4.0
dplyr,/Library/Frameworks/R.framework/Versions/3.4/Resources/library,0.7.4,NA,R (>= 3.1.2),"assertthat, bindrcpp (>= 0.2), glue (>= 1.1.1), magrittr,
methods, pkgconfig, rlang (>= 0.1.2), R6, Rcpp (>= 0.12.7),
tibble (>= 1.3.1), utils","Rcpp (>= 0.12.0), BH (>= 1.58.0-1), bindrcpp, plogr","bit64, covr, dbplyr, dtplyr, DBI, ggplot2, hms, knitr, Lahman
(>= 3.0-1), mgcv, microbenchmark, nycflights13, rmarkdown,
RMySQL, RPostgreSQL, RSQLite, testthat, withr",NA,MIT + file LICENSE,NA,NA,NA,NA,yes,3.4.2
e1071,/Library/Frameworks/R.framework/Versions/3.4/Resources/library,1.6-8,NA,NA,"graphics, grDevices, class, stats, methods, utils",NA,"cluster, mlbench, nnet, randomForest, rpart, SparseM, xtable,
Matrix, MASS",NA,GPL-2,NA,NA,NA,NA,yes,3.4.0
enc,/Library/Frameworks/R.framework/Versions/3.4/Resources/library,0.1,NA,R (>= 3.1),methods,NA,"digest, readr, rlang, testthat",NA,GPL-3,NA,NA,NA,NA,yes,3.4.2
evaluate,/Library/Frameworks/R.framework/Versions/3.4/Resources/library,0.10.1,NA,R (>= 3.0.2),"methods, stringr (>= 0.6.2)",NA,"testthat, lattice, ggplot2",NA,MIT + file LICENSE,NA,NA,NA,NA,no,3.4.1
expm,/Library/Frameworks/R.framework/Versions/3.4/Resources/library,0.999-2,NA,Matrix,methods,NA,"RColorBrewer, sfsmisc, Rmpfr",NA,GPL (>= 2),NA,NA,NA,NA,yes,3.4.0
fields,/Library/Frameworks/R.framework/Versions/3.4/Resources/library,9.0,NA,"R (>= 3.0), methods, spam, maps",NA,NA,NA,NA,GPL (>= 2),NA,NA,NA,NA,yes,3.4.0
flexdashboard,/Library/Frameworks/R.framework/Versions/3.4/Resources/library,0.5.1,NA,R (>= 3.0.2),"tools, jsonlite, htmltools, knitr (>= 1.13), htmlwidgets (>=
0.6), rmarkdown (>= 1.0), shiny (>= 0.13)",NA,testthat,NA,MIT + file LICENSE,NA,NA,NA,NA,no,3.4.3
flexmix,/Library/Frameworks/R.framework/Versions/3.4/Resources/library,2.3-14,NA,"R (>= 2.15.0), lattice","graphics, grid, grDevices, methods, modeltools (>= 0.2-16),
nnet, stats, stats4",NA,"actuar, codetools, diptest, ellipse, gclus, glmnet, lme4 (>=
1.0), MASS, mgcv (>= 1.8-0), mlbench, mlogit, multcomp,
mvtnorm, SuppDists, survival",NA,GPL (>= 2),NA,NA,NA,NA,no,3.4.0
forcats,/Library/Frameworks/R.framework/Versions/3.4/Resources/library,0.2.0,NA,R (>= 2.10),"tibble, magrittr",NA,"ggplot2, testthat, covr",NA,GPL-3,NA,NA,NA,NA,no,3.4.0
foreach,/Library/Frameworks/R.framework/Versions/3.4/Resources/library,1.4.3,NA,R (>= 2.5.0),"codetools, utils, iterators",NA,randomForest,"compiler, doMC, RUnit, doParallel",Apache License (== 2.0),NA,NA,NA,NA,no,3.4.0
forecast,/Library/Frameworks/R.framework/Versions/3.4/Resources/library,8.1,NA,"R (>= 3.0.2),","stats, graphics, tseries, fracdiff, Rcpp (>= 0.11.0), nnet,
colorspace, parallel, ggplot2 (>= 2.0.0), magrittr, lmtest,
zoo, timeDate","Rcpp (>= 0.11.0), RcppArmadillo (>= 0.2.35)","testthat, knitr, rmarkdown, expsmooth, rticles",NA,GPL (>= 3),NA,NA,NA,NA,yes,3.4.0
foreign,/Library/Frameworks/R.framework/Versions/3.4/Resources/library,0.8-69,recommended,R (>= 3.0.0),"methods, utils, stats",NA,NA,NA,GPL (>= 2),NA,NA,NA,NA,yes,3.4.3
formatR,/Library/Frameworks/R.framework/Versions/3.4/Resources/library,1.5,NA,R (>= 3.0.2),NA,NA,"codetools, shiny, testit, rmarkdown, knitr",NA,GPL,NA,NA,NA,NA,no,3.4.0
Formula,/Library/Frameworks/R.framework/Versions/3.4/Resources/library,1.2-2,NA,"R (>= 2.0.0), stats",NA,NA,NA,NA,GPL-2 | GPL-3,NA,NA,NA,NA,no,3.4.1
fpc,/Library/Frameworks/R.framework/Versions/3.4/Resources/library,2.1-10,NA,R (>= 2.0),"MASS, cluster, mclust, flexmix, prabclus, class, diptest,
mvtnorm, robustbase, kernlab, trimcluster, grDevices, graphics,
methods, stats, utils",NA,NA,NA,GPL,NA,NA,NA,NA,no,3.4.0
fracdiff,/Library/Frameworks/R.framework/Versions/3.4/Resources/library,1.4-2,NA,NA,NA,NA,"longmemo, urca",NA,GPL (>= 2),NA,NA,NA,NA,NA,3.4.0
fs,/Library/Frameworks/R.framework/Versions/3.4/Resources/library,1.1.0,NA,R (>= 3.1),Rcpp,Rcpp,"testthat, covr, pillar (>= 1.0.0), crayon, withr",NA,GPL-3,NA,NA,NA,NA,yes,3.4.2
gam,/Library/Frameworks/R.framework/Versions/3.4/Resources/library,1.14-4,NA,"stats, splines, foreach",NA,NA,akima,NA,GPL-2,NA,NA,NA,NA,yes,3.4.0
gbm,/Library/Frameworks/R.framework/Versions/3.4/Resources/library,2.1.3,NA,"R (>= 2.9.0), survival, lattice, splines, parallel",NA,NA,RUnit,NA,GPL (>= 2) | file LICENSE,NA,NA,NA,NA,yes,3.4.0
gdata,/Library/Frameworks/R.framework/Versions/3.4/Resources/library,2.18.0,NA,R (>= 2.3.0),"gtools, stats, methods, utils",NA,RUnit,NA,GPL-2,NA,NA,NA,NA,no,3.4.0
geoparser,/Library/Frameworks/R.framework/Versions/3.4/Resources/library,0.1.1,NA,NA,"dplyr, httr, jsonlite, lazyeval, tidyr, utils, purrr, stringr,
digest",NA,"testthat, knitr, rmarkdown",NA,GPL (>= 2),NA,NA,NA,NA,no,3.4.0
geosphere,/Library/Frameworks/R.framework/Versions/3.4/Resources/library,1.5-5,NA,"sp, R (>= 3.0.0)",NA,NA,"methods, raster",NA,GPL (>= 3),NA,NA,NA,NA,yes,3.4.0
ggalluvial,/Library/Frameworks/R.framework/Versions/3.4/Resources/library,0.5.0,NA,"R (>= 3.3.1), ggplot2","stats, grid, dplyr, tidyr, lazyeval, alluvial",NA,"testthat, knitr, babynames",NA,GPL-2,NA,NA,NA,NA,no,3.4.3
GGally,/Library/Frameworks/R.framework/Versions/3.4/Resources/library,1.3.2,NA,R (>= 3.1),"ggplot2 (>= 2.2.0), grDevices, grid, gtable (>= 0.2.0), plyr
(>= 1.8.3), progress, RColorBrewer, reshape (>= 0.8.5), utils",NA,"broom (>= 0.4.0), chemometrics, geosphere (>= 1.5-1), igraph
(>= 1.0.1), intergraph (>= 2.0-2), maps (>= 3.1.0), mapproj,
network (>= 1.12.0), scagnostics, scales (>= 0.4.0), sna (>=
2.3-2), survival, packagedocs (>= 0.4.0), rmarkdown, roxygen2,
testthat",NA,GPL (>= 2.0),NA,NA,NA,NA,no,3.4.1
gganimate,/Library/Frameworks/R.framework/Versions/3.4/Resources/library,0.1.0.9000,NA,NA,"plyr,
ggplot2,
grid,
animation,
base64enc,
htmltools,
withr",NA,"knitr,
rmarkdown,
gapminder,
testthat",NA,GPL-2,NA,NA,NA,NA,NA,3.4.2
ggdendro,/Library/Frameworks/R.framework/Versions/3.4/Resources/library,0.1-20,NA,NA,"MASS, ggplot2(>= 0.9.2)",NA,"rpart(>= 4.0-0), tree, testthat, knitr, cluster, scales",NA,GPL-2 | GPL-3,NA,NA,NA,NA,no,3.4.0
ggformula,/Library/Frameworks/R.framework/Versions/3.4/Resources/library,0.5,NA,"R (>= 3.1), ggplot2","mosaicCore, rlang, tidyr, magrittr, tibble, stringr, glue,
grid",NA,"mosaic, dplyr, testthat, mosaicData, knitr,
statisticalModeling, rmarkdown, weatherData, lubridate",NA,MIT + file LICENSE,NA,NA,NA,NA,no,3.4.1
ggmap,/Library/Frameworks/R.framework/Versions/3.4/Resources/library,2.6.1,NA,"R (>= 2.14.0), ggplot2 (>= 2.0.0)","proto, RgoogleMaps, png, plyr, reshape2, rjson, mapproj, jpeg,
geosphere, digest, scales",NA,"MASS, stringr, hexbin, dplyr",NA,GPL-2,NA,NA,NA,NA,no,3.4.0
ggplot2,/Library/Frameworks/R.framework/Versions/3.4/Resources/library,2.2.1.9000,NA,R (>= 3.1),"digest,
grid,
gtable (>= 0.1.1),
lazyeval,
MASS,
plyr (>= 1.7.1),
reshape2,
scales (>= 0.4.1.9002),
stats,
tibble,
viridisLite,
withr",NA,"covr,
dplyr,
ggplot2movies,
hexbin,
Hmisc,
lattice,
mapproj,
maps,
maptools,
mgcv,
multcomp,
nlme,
testthat (>= 0.11.0),
vdiffr,
quantreg,
knitr,
rgeos,
rpart,
rmarkdown,
sf (>= 0.3-4),
svglite (>= 1.2.0.9001)",sp,GPL-2 | file LICENSE,NA,NA,NA,NA,NA,3.4.1
ggpolypath,/Library/Frameworks/R.framework/Versions/3.4/Resources/library,0.1.0,NA,"R (>= 3.1), ggplot2 (>= 2.1.0)",NA,NA,"rmarkdown, knitr",NA,GPL-3,NA,NA,NA,NA,no,3.4.0
ggpubr,/Library/Frameworks/R.framework/Versions/3.4/Resources/library,0.1.5,NA,"R (>= 3.1.0), ggplot2, magrittr","ggrepel, grid, ggsci, stats, utils, tidyr, purrr, dplyr(>=
0.7.1), cowplot, ggsignif, scales, gridExtra",NA,"grDevices, knitr, RColorBrewer, gtable",NA,GPL-2,NA,NA,NA,NA,no,3.4.1
ggRandomForests,/Library/Frameworks/R.framework/Versions/3.4/Resources/library,2.0.1,NA,"R (>= 3.1.0), randomForestSRC (>= 1.5.5)","randomForest, ggplot2, survival, parallel, tidyr",NA,"testthat, rmdformats, RColorBrewer, MASS, dplyr, knitr,
rmarkdown, plot3D",NA,GPL (>= 3),NA,NA,NA,NA,no,3.4.0
ggrepel,/Library/Frameworks/R.framework/Versions/3.4/Resources/library,0.7.0,NA,"R (>= 3.0.0), ggplot2 (>= 2.2.0)","grid, Rcpp, scales (>= 0.3.0)",Rcpp,"knitr, rmarkdown, testthat",NA,GPL-3 | file LICENSE,NA,NA,NA,NA,yes,3.4.2
ggsci,/Library/Frameworks/R.framework/Versions/3.4/Resources/library,2.8,NA,R (>= 3.0.2),"grDevices, scales, ggplot2 (>= 2.0.0)",NA,"knitr, rmarkdown, gridExtra, reshape2",NA,GPL-3 | file LICENSE,NA,NA,NA,NA,no,3.4.2
ggseas,/Library/Frameworks/R.framework/Versions/3.4/Resources/library,0.5.1,NA,"R (>= 3.1.2), seasonal, ggplot2 (>= 2.0.0), stats, zoo",NA,NA,"testthat, knitr, rmarkdown",NA,GPL-3,NA,NA,NA,NA,no,3.4.0
ggsignif,/Library/Frameworks/R.framework/Versions/3.4/Resources/library,0.4.0,NA,NA,ggplot2 (>= 2.0.0),NA,"testthat, knitr, rmarkdown",NA,GPL-3,NA,NA,NA,NA,no,3.4.1
ggthemes,/Library/Frameworks/R.framework/Versions/3.4/Resources/library,3.4.0,NA,"R (>= 3.0.0),","assertthat, colorspace, ggplot2 (>= 2.2.0), graphics, grid,
methods, scales",NA,"extrafont, knitr, lintr, maps, mapproj, pander, plyr,
reshape2, rmarkdown, testthat, tidyverse",NA,GPL-2,NA,NA,NA,NA,no,3.4.0
ggvis,/Library/Frameworks/R.framework/Versions/3.4/Resources/library,0.4.3,NA,R (>= 3.0),"assertthat, jsonlite (>= 0.9.11), shiny (>= 0.11.1), magrittr,
dplyr (>= 0.4.0), lazyeval, htmltools (>= 0.2.4), methods",NA,"MASS, mgcv, lubridate, testthat (>= 0.8.1), knitr (>= 1.6),
rmarkdown",NA,GPL-2 | file LICENSE,NA,NA,NA,NA,no,3.4.0
gh,/Library/Frameworks/R.framework/Versions/3.4/Resources/library,1.0.1,NA,NA,"ini,
jsonlite,
httr",NA,"covr,
pingr,
testthat",NA,MIT + file LICENSE,NA,NA,NA,NA,NA,3.4.2
git2r,/Library/Frameworks/R.framework/Versions/3.4/Resources/library,0.19.0,NA,"R (>= 3.0.2), methods","graphics, utils",NA,getPass,NA,GPL-2,NA,NA,NA,NA,yes,3.4.1
glm2,/Library/Frameworks/R.framework/Versions/3.4/Resources/library,1.1.3,NA,"R (>= 2.12.1), stats",NA,NA,NA,NA,GPL (>= 2),NA,NA,NA,NA,no,3.4.2
glue,/Library/Frameworks/R.framework/Versions/3.4/Resources/library,1.1.1,NA,R (>= 3.0.0),methods,NA,"testthat, covr, magrittr",NA,MIT + file LICENSE,NA,NA,NA,NA,yes,3.4.1
gmodels,/Library/Frameworks/R.framework/Versions/3.4/Resources/library,2.16.2,NA,R (>= 1.9.0),"MASS, gdata",NA,"gplots, gtools, Matrix, nlme, lme4 (>= 0.999999-0)",NA,GPL-2,NA,NA,NA,NA,no,3.4.0
goftest,/Library/Frameworks/R.framework/Versions/3.4/Resources/library,1.1-1,NA,R (>= 3.3),stats,NA,NA,NA,GPL (>= 2),NA,NA,NA,NA,yes,3.4.0
googleAuthR,/Library/Frameworks/R.framework/Versions/3.4/Resources/library,0.6.2,NA,R (>= 3.3.0),"assertthat (>= 0.2.0), digest, httr (>= 1.3.1), jsonlite (>=
0.9.16), R6 (>= 2.1.0), memoise (>= 1.1.0), utils",NA,"covr, devtools (>= 1.12.0), formatR (>= 1.4), httptest,
knitr, miniUI (>= 0.1.1), rmarkdown, roxygen2 (>= 5.0.0), shiny
(>= 0.13.2), testthat",NA,MIT + file LICENSE,NA,NA,NA,NA,no,3.4.2
gplots,/Library/Frameworks/R.framework/Versions/3.4/Resources/library,3.0.1,NA,R (>= 3.0),"gtools, gdata, stats, caTools, KernSmooth",NA,"grid, MASS",NA,GPL-2,NA,NA,NA,NA,no,3.4.0
graphics,/Library/Frameworks/R.framework/Versions/3.4/Resources/library,3.4.3,base,NA,grDevices,NA,NA,NA,Part of R 3.4.3,NA,NA,NA,NA,yes,3.4.3
grDevices,/Library/Frameworks/R.framework/Versions/3.4/Resources/library,3.4.3,base,NA,NA,NA,KernSmooth,NA,Part of R 3.4.3,NA,NA,NA,NA,yes,3.4.3
grid,/Library/Frameworks/R.framework/Versions/3.4/Resources/library,3.4.3,base,NA,"grDevices, utils",NA,lattice,NA,Part of R 3.4.3,NA,NA,NA,NA,yes,3.4.3
gridExtra,/Library/Frameworks/R.framework/Versions/3.4/Resources/library,2.2.1,NA,NA,"gtable, grid, grDevices, graphics, utils",NA,"ggplot2, lattice, knitr, testthat",NA,GPL (>= 2),NA,NA,NA,NA,no,3.4.0
gridSVG,/Library/Frameworks/R.framework/Versions/3.4/Resources/library,1.5-1,NA,R (>= 3.1),"grDevices, graphics, utils, methods, grid, jsonlite, XML",NA,lattice,NA,GPL,NA,NA,NA,NA,no,3.4.0
gtable,/Library/Frameworks/R.framework/Versions/3.4/Resources/library,0.2.0,NA,R (>= 2.14),grid,NA,"testthat, covr",NA,GPL-2,NA,NA,NA,NA,no,3.4.0
gtools,/Library/Frameworks/R.framework/Versions/3.4/Resources/library,3.5.0,NA,R (>= 2.10),NA,NA,NA,NA,GPL-2,NA,NA,NA,NA,yes,3.4.0
haven,/Library/Frameworks/R.framework/Versions/3.4/Resources/library,1.1.0,NA,R (>= 3.1.0),"Rcpp (>= 0.11.4), readr (>= 0.1.0), hms, tibble, forcats (>=
0.2.0)",Rcpp,"testthat, knitr, rmarkdown, covr",NA,MIT + file LICENSE,NA,NA,NA,NA,yes,3.4.1
here,/Library/Frameworks/R.framework/Versions/3.4/Resources/library,0.1,NA,NA,rprojroot (>= 1.2),NA,NA,NA,GPL-3,NA,NA,NA,NA,no,3.4.0
hexbin,/Library/Frameworks/R.framework/Versions/3.4/Resources/library,1.27.1,NA,"R (>= 2.10), methods","lattice, grid, graphics, grDevices, stats, utils",NA,"marray, affy, Biobase, limma",NA,GPL-2,NA,NA,NA,NA,yes,3.4.0
highlite,/Library/Frameworks/R.framework/Versions/3.4/Resources/library,0.0.0.9000,NA,R (>= 3.2.0),Rcpp,"Rcpp, BH",NA,NA,GPL-3,NA,NA,NA,NA,NA,3.4.3
highr,/Library/Frameworks/R.framework/Versions/3.4/Resources/library,0.6,NA,R (>= 3.0.2),NA,NA,"knitr, testit",NA,GPL,NA,NA,NA,NA,no,3.4.0
Hmisc,/Library/Frameworks/R.framework/Versions/3.4/Resources/library,4.0-3,NA,"lattice, survival (>= 2.40-1), Formula, ggplot2 (>= 2.2)","methods, latticeExtra, cluster, rpart, nnet, acepack, foreign,
gtable, grid, gridExtra, data.table, htmlTable, viridis,
htmltools, base64enc",NA,"chron, rms, mice, tables, knitr, ff, ffbase, plotly (>=
4.5.6)",NA,GPL (>= 2),NA,NA,NA,NA,yes,3.4.0
hms,/Library/Frameworks/R.framework/Versions/3.4/Resources/library,0.3,NA,NA,methods,NA,"testthat, lubridate",NA,GPL-3,NA,NA,NA,NA,no,3.4.0
htmlTable,/Library/Frameworks/R.framework/Versions/3.4/Resources/library,1.11.0,NA,NA,"stringr, knitr (>= 1.6), magrittr (>= 1.5), methods,
checkmate, htmlwidgets, htmltools, rstudioapi (>= 0.6), tidyr
(>= 0.7.2), dplyr (>= 0.7.4)",NA,"testthat, XML, xtable, ztable, Hmisc, reshape, rmarkdown,
pander, chron, lubridate, tibble",NA,GPL (>= 3),NA,NA,NA,NA,no,3.4.3
htmltools,/Library/Frameworks/R.framework/Versions/3.4/Resources/library,0.3.6,NA,R (>= 2.14.1),"utils, digest, Rcpp",Rcpp,"markdown, testthat",knitr,GPL (>= 2),NA,NA,NA,NA,yes,3.4.0
htmlwidgets,/Library/Frameworks/R.framework/Versions/3.4/Resources/library,0.9,NA,NA,"htmltools (>= 0.3), jsonlite (>= 0.9.16), yaml",NA,knitr (>= 1.8),shiny (>= 0.12),MIT + file LICENSE,NA,NA,NA,NA,no,3.4.1
httpuv,/Library/Frameworks/R.framework/Versions/3.4/Resources/library,1.3.5,NA,"R (>= 2.15.1), methods","Rcpp (>= 0.11.0), utils",Rcpp,NA,NA,GPL-3 | file LICENSE,NA,NA,NA,NA,yes,3.4.1
httr,/Library/Frameworks/R.framework/Versions/3.4/Resources/library,1.3.1,NA,R (>= 3.0.0),"jsonlite, mime, curl (>= 0.9.1), openssl (>= 0.8), R6",NA,"httpuv, jpeg, knitr, png, testthat (>= 0.8.0), readr, xml2,
rmarkdown, covr",NA,MIT + file LICENSE,NA,NA,NA,NA,no,3.4.1
influence.ME,/Library/Frameworks/R.framework/Versions/3.4/Resources/library,0.9-9,NA,"R(>= 2.15.0), lme4(>= 1.0)","Matrix(>= 1.0), lattice",NA,NA,NA,GPL-3,NA,NA,NA,NA,no,3.4.0
ini,/Library/Frameworks/R.framework/Versions/3.4/Resources/library,0.3.0,NA,NA,NA,NA,testthat,NA,GPL-3,NA,NA,NA,NA,no,3.4.2
instaR,/Library/Frameworks/R.framework/Versions/3.4/Resources/library,0.2.4,NA,"R (>= 2.12.0), httr, jsonlite",NA,NA,NA,NA,GPL-2,NA,NA,NA,NA,no,3.4.0
ISLR,/Library/Frameworks/R.framework/Versions/3.4/Resources/library,1.2,NA,R (>= 2.10),NA,NA,MASS,NA,GPL-2,NA,NA,NA,NA,no,3.4.2
iterators,/Library/Frameworks/R.framework/Versions/3.4/Resources/library,1.0.8,NA,"R (>= 2.5.0), utils",NA,NA,RUnit,NA,Apache License (== 2.0),NA,NA,NA,NA,no,3.4.0
jpeg,/Library/Frameworks/R.framework/Versions/3.4/Resources/library,0.1-8,NA,R (>= 2.9.0),NA,NA,NA,NA,GPL-2 | GPL-3,NA,NA,NA,NA,yes,3.4.0
jsonlite,/Library/Frameworks/R.framework/Versions/3.4/Resources/library,1.5,NA,methods,NA,NA,"httr, curl, plyr, testthat, knitr, rmarkdown, R.rsp, sp",NA,MIT + file LICENSE,NA,NA,NA,NA,yes,3.4.0
kableExtra,/Library/Frameworks/R.framework/Versions/3.4/Resources/library,0.7.0,NA,R (>= 3.1.0),"knitr (>= 1.16), magrittr, stringr (>= 1.0), xml2, rvest,
rmarkdown (>= 1.6.0), readr, scales, viridisLite, stats,
grDevices, htmltools",NA,"testthat, magick, formattable, dplyr",NA,MIT + file LICENSE,NA,NA,NA,NA,no,3.4.3
kernlab,/Library/Frameworks/R.framework/Versions/3.4/Resources/library,0.9-25,NA,R (>= 2.10),"methods, stats, grDevices, graphics",NA,NA,NA,GPL-2,NA,NA,NA,NA,yes,3.4.0
KernSmooth,/Library/Frameworks/R.framework/Versions/3.4/Resources/library,2.23-15,recommended,"R (>= 2.5.0), stats",NA,NA,MASS,NA,Unlimited,NA,NA,NA,NA,yes,3.4.3
knitLatex,/Library/Frameworks/R.framework/Versions/3.4/Resources/library,0.9.0,NA,R (>= 3.2.0),knitr (>= 1.10.5),NA,NA,NA,GPL-3,NA,NA,NA,NA,no,3.4.0
knitr,/Library/Frameworks/R.framework/Versions/3.4/Resources/library,1.18,NA,R (>= 3.1.0),"evaluate (>= 0.10), digest, highr, markdown, stringr (>= 0.6),
yaml, methods, tools",NA,"formatR, testit, rgl (>= 0.95.1201), codetools, rmarkdown,
htmlwidgets (>= 0.7), webshot, tikzDevice (>= 0.10), reticulate
(>= 1.3.1), JuliaCall (>= 0.11.1), png, jpeg, xml2, httr, DBI
(>= 0.4-1), tibble",NA,GPL,NA,NA,NA,NA,no,3.4.3
labeling,/Library/Frameworks/R.framework/Versions/3.4/Resources/library,0.3,NA,NA,NA,NA,NA,NA,MIT + file LICENSE | Unlimited,NA,NA,NA,NA,no,3.4.0
Lahman,/Library/Frameworks/R.framework/Versions/3.4/Resources/library,6.0-0,NA,R (>= 2.10),dplyr,NA,"lattice, ggplot2, googleVis, data.table, vcd, reshape2,
tidyr, zipcode",NA,GPL,NA,NA,NA,NA,no,3.4.1
lattice,/Library/Frameworks/R.framework/Versions/3.4/Resources/library,0.20-35,recommended,R (>= 3.0.0),"grid, grDevices, graphics, stats, utils",NA,"KernSmooth, MASS, latticeExtra",chron,GPL (>= 2),NA,NA,NA,NA,yes,3.4.3
latticeExtra,/Library/Frameworks/R.framework/Versions/3.4/Resources/library,0.6-28,NA,"R (>= 2.10.0), lattice, RColorBrewer","grid, stats, utils, grDevices",NA,"maps, mapproj, deldir, tripack, zoo, MASS, quantreg, mgcv",NA,GPL (>= 2),NA,NA,NA,NA,no,3.4.0
lazyeval,/Library/Frameworks/R.framework/Versions/3.4/Resources/library,0.2.1,NA,R (>= 3.1.0),NA,NA,"knitr, rmarkdown (>= 0.2.65), testthat, covr",NA,GPL-3,NA,NA,NA,NA,yes,3.4.2
leaps,/Library/Frameworks/R.framework/Versions/3.4/Resources/library,3.0,NA,,NA,NA,biglm,NA,GPL (>= 2),NA,NA,NA,NA,yes,3.4.0
LearnBayes,/Library/Frameworks/R.framework/Versions/3.4/Resources/library,2.15,NA,NA,NA,NA,NA,NA,GPL (>= 2),NA,NA,NA,NA,no,3.4.0
lme4,/Library/Frameworks/R.framework/Versions/3.4/Resources/library,1.1-14,NA,"R (>= 3.0.2), Matrix (>= 1.1.1), methods, stats","graphics, grid, splines, utils, parallel, MASS, lattice, nlme
(>= 3.1-123), minqa (>= 1.1.15), nloptr (>= 1.0.4)","Rcpp (>= 0.10.5), RcppEigen","knitr, boot, PKPDmodels, MEMSS, testthat (>= 0.8.1), ggplot2,
mlmRev, optimx (>= 2013.8.6), gamm4, pbkrtest, HSAUR2, numDeriv",NA,GPL (>= 2),NA,NA,NA,NA,yes,3.4.2
lmtest,/Library/Frameworks/R.framework/Versions/3.4/Resources/library,0.9-35,NA,"R (>= 2.10.0), stats, zoo",graphics,NA,"car, strucchange, sandwich, dynlm, stats4, survival, AER",NA,GPL-2 | GPL-3,NA,NA,NA,NA,yes,3.4.0
lookup,/Library/Frameworks/R.framework/Versions/3.4/Resources/library,0.0.0.9000,NA,R (>= 3.0.0),"gh,
memoise,
Rcpp,
codetools,
crayon,
rex,
methods,
highlite,
jsonlite,
rstudioapi,
withr,
httr",Rcpp,"testthat,
xml2,
fasttime,
tibble,
lassoshooting,
devtools,
covr,
BiocInstaller",NA,MIT + file LICENSE,NA,NA,NA,NA,NA,3.4.3
lubridate,/Library/Frameworks/R.framework/Versions/3.4/Resources/library,1.7.1,NA,"methods, R (>= 3.0.0)","stringr, Rcpp (>= 0.11),","Rcpp,","testthat, knitr, covr","chron, fts, timeSeries, timeDate, tis, tseries, xts, zoo",GPL-2,NA,NA,NA,NA,yes,3.4.2
magick,/Library/Frameworks/R.framework/Versions/3.4/Resources/library,1.4,NA,NA,"Rcpp (>= 0.12.12), magrittr, curl",Rcpp,"knitr, rmarkdown, rsvg, webp, png, pdftools, ggplot2, raster,
rgdal, gapminder, tesseract",NA,MIT + file LICENSE,NA,NA,NA,NA,yes,3.4.2
magrittr,/Library/Frameworks/R.framework/Versions/3.4/Resources/library,1.5,NA,NA,NA,NA,"testthat, knitr",NA,MIT + file LICENSE,NA,NA,NA,NA,no,3.4.0
mapdata,/Library/Frameworks/R.framework/Versions/3.4/Resources/library,2.2-6,NA,"R (>= 2.14.0), maps (>= 2.0-7)",NA,NA,NA,NA,GPL-2,NA,NA,NA,NA,yes,3.4.0
mapmate,/Library/Frameworks/R.framework/Versions/3.4/Resources/library,0.3.1,NA,R (>= 3.3.1),"mapproj,
magrittr,
dplyr,
purrr,
ggplot2,
RcppRoll,
shiny,
lazyeval,
geosphere",NA,"testthat,
parallel,
data.table,
covr,
knitr,
rmarkdown,
RColorBrewer,
maptools,
rworldmap,
rworldxtra,
raster,
animation",NA,MIT + file LICENSE,NA,NA,NA,NA,NA,3.4.1
mapproj,/Library/Frameworks/R.framework/Versions/3.4/Resources/library,1.2-5,NA,maps (>= 2.3-0),"stats, graphics",NA,NA,NA,Lucent Public License,NA,NA,NA,NA,yes,3.4.0
maps,/Library/Frameworks/R.framework/Versions/3.4/Resources/library,3.2.0,NA,R (>= 2.14.0),"graphics, utils",NA,"mapproj (>= 1.2-0), mapdata (>= 2.2-4), sp, maptools",NA,GPL-2,NA,NA,NA,NA,yes,3.4.0
maptools,/Library/Frameworks/R.framework/Versions/3.4/Resources/library,0.9-2,NA,"R (>= 2.10), sp (>= 1.0-11)","foreign (>= 0.8), methods, grid, lattice, stats, utils,
grDevices",NA,"rgeos (>= 0.1-8), spatstat (>= 1.18), PBSmapping, maps,
RColorBrewer, raster, polyclip, spatstat.utils","gpclib, RArcInfo",GPL (>= 2),NA,NA,NA,NA,yes,3.4.0
markdown,/Library/Frameworks/R.framework/Versions/3.4/Resources/library,0.8,NA,R (>= 2.11.1),"utils, mime (>= 0.3)",NA,"knitr, RCurl",NA,GPL-2,NA,NA,NA,NA,yes,3.4.0
MASS,/Library/Frameworks/R.framework/Versions/3.4/Resources/library,7.3-47,recommended,"R (>= 3.1.0), grDevices, graphics, stats, utils",methods,NA,"lattice, nlme, nnet, survival",NA,GPL-2 | GPL-3,NA,NA,NA,NA,yes,3.4.3
Matrix,/Library/Frameworks/R.framework/Versions/3.4/Resources/library,1.2-12,recommended,R (>= 3.0.1),"methods, graphics, grid, stats, utils, lattice",NA,"expm, MASS","MatrixModels, graph, SparseM, sfsmisc",GPL (>= 2) | file LICENCE,NA,NA,NA,NA,yes,3.4.3
MatrixModels,/Library/Frameworks/R.framework/Versions/3.4/Resources/library,0.4-1,NA,R (>= 3.0.1),"stats, methods, Matrix (>= 1.1-5)",NA,NA,NA,GPL (>= 2),NA,NA,NA,NA,no,3.4.0
mclust,/Library/Frameworks/R.framework/Versions/3.4/Resources/library,5.3,NA,R (>= 3.0),"stats, utils, graphics, grDevices",NA,"knitr (>= 1.12), rmarkdown (>= 0.9), mix (>= 1.0), geometry
(>= 0.3-6), MASS",NA,GPL (>= 2),NA,NA,NA,NA,yes,3.4.0
memoise,/Library/Frameworks/R.framework/Versions/3.4/Resources/library,1.1.0,NA,NA,digest (>= 0.6.3),NA,"testthat,
aws.s3,
httr,
covr",NA,MIT + file LICENSE,NA,NA,NA,NA,NA,3.4.3
methods,/Library/Frameworks/R.framework/Versions/3.4/Resources/library,3.4.3,base,NA,"utils, stats",NA,codetools,NA,Part of R 3.4.3,NA,NA,NA,NA,yes,3.4.3
mgcv,/Library/Frameworks/R.framework/Versions/3.4/Resources/library,1.8-22,recommended,"R (>= 2.14.0), nlme (>= 3.1-64)","methods, stats, graphics, Matrix",NA,"splines, parallel, survival, MASS",NA,GPL (>= 2),NA,NA,NA,NA,yes,3.4.3
microbenchmark,/Library/Frameworks/R.framework/Versions/3.4/Resources/library,1.4-2.1,NA,NA,"graphics, ggplot2, stats",NA,multcomp,NA,BSD_2_clause + file LICENSE,NA,NA,NA,NA,yes,3.4.0
mime,/Library/Frameworks/R.framework/Versions/3.4/Resources/library,0.5,NA,NA,tools,NA,NA,NA,GPL,NA,NA,NA,NA,yes,3.4.0
miniUI,/Library/Frameworks/R.framework/Versions/3.4/Resources/library,0.1.1,NA,NA,"shiny (>= 0.13), htmltools (>= 0.3), utils",NA,NA,NA,GPL-3,NA,NA,NA,NA,no,3.4.0
minqa,/Library/Frameworks/R.framework/Versions/3.4/Resources/library,1.2.4,NA,NA,Rcpp (>= 0.9.10),Rcpp,NA,NA,GPL-2,NA,NA,NA,NA,yes,3.4.0
mnormt,/Library/Frameworks/R.framework/Versions/3.4/Resources/library,1.5-5,NA,R (>= 2.2.0),NA,NA,NA,NA,GPL-2 | GPL-3,NA,NA,NA,NA,yes,3.4.0
modelr,/Library/Frameworks/R.framework/Versions/3.4/Resources/library,0.1.1,NA,R (>= 3.1.0),"magrittr, purrr (>= 0.2.2), lazyeval (>= 0.2.0), tibble,
broom, dplyr, tidyr (>= 0.6.0)",NA,"testthat, ggplot2, covr, compiler",NA,GPL-3,NA,NA,NA,NA,no,3.4.1
modeltools,/Library/Frameworks/R.framework/Versions/3.4/Resources/library,0.2-21,NA,"stats, stats4",methods,NA,NA,NA,GPL-2,NA,NA,NA,NA,no,3.4.0
mosaic,/Library/Frameworks/R.framework/Versions/3.4/Resources/library,1.0.0,NA,"R (>= 3.0.0), dplyr, lattice (>= 0.20-21), ggformula,
mosaicData","mosaicCore, ggplot2, lazyeval (>= 0.2.0), MASS, grid, tidyr,
readr, methods, utils, splines, latticeExtra, ggdendro,
gridExtra, Matrix, glue",NA,"lubridate, fastR, magrittr, NHANES, RCurl, sp, maptools, vcd,
testthat, knitr, tools, parallel, mapproj, rgl, rmarkdown",manipulate,GPL (>= 2),NA,NA,NA,NA,no,3.4.1
mosaicCore,/Library/Frameworks/R.framework/Versions/3.4/Resources/library,0.2.0,NA,"R (>= 3.0.0),","stats, dplyr, lazyeval, rlang, tidyr",NA,"mosaicData, mosaic, ggformula",NA,GPL (>= 2),NA,NA,NA,NA,no,3.4.1
mosaicData,/Library/Frameworks/R.framework/Versions/3.4/Resources/library,0.14.0,NA,R (>= 3.0.0),NA,NA,"lattice, mosaic, reshape2, ggplot2, dplyr",NA,GPL (>= 2),NA,NA,NA,NA,no,3.4.0
multcomp,/Library/Frameworks/R.framework/Versions/3.4/Resources/library,1.4-8,NA,"stats, graphics, mvtnorm (>= 1.0-3), survival (>= 2.39-4),
TH.data (>= 1.0-2)","sandwich (>= 2.3-0), codetools",NA,"lme4 (>= 0.999375-16), nlme, robustbase, coin, MASS, car,
foreign, xtable, lmtest, coxme (>= 2.2-1), SimComp, ISwR",NA,GPL-2,NA,NA,NA,NA,no,3.4.2
munsell,/Library/Frameworks/R.framework/Versions/3.4/Resources/library,0.4.3,NA,NA,"colorspace, methods",NA,"ggplot2, testthat",NA,MIT + file LICENSE,NA,NA,NA,NA,no,3.4.0
mvtnorm,/Library/Frameworks/R.framework/Versions/3.4/Resources/library,1.0-6,NA,R(>= 1.9.0),"stats, methods",NA,NA,NA,GPL-2,NA,NA,NA,NA,yes,3.4.0
nlme,/Library/Frameworks/R.framework/Versions/3.4/Resources/library,3.1-131,recommended,R (>= 3.0.2),"graphics, stats, utils, lattice",NA,"Hmisc, MASS",NA,GPL (>= 2) | file LICENCE,NA,NA,NA,NA,yes,3.4.3
nloptr,/Library/Frameworks/R.framework/Versions/3.4/Resources/library,1.0.4,NA,NA,NA,NA,testthat (>= 0.8.1),NA,LGPL-3,NA,NA,NA,NA,yes,3.4.0
NLP,/Library/Frameworks/R.framework/Versions/3.4/Resources/library,0.1-10,NA,R (>= 3.2.0),utils,NA,NA,NA,GPL-3,NA,NA,NA,NA,no,3.4.0
nnet,/Library/Frameworks/R.framework/Versions/3.4/Resources/library,7.3-12,recommended,"R (>= 2.14.0), stats, utils",NA,NA,MASS,NA,GPL-2 | GPL-3,NA,NA,NA,NA,yes,3.4.3
nycflights13,/Library/Frameworks/R.framework/Versions/3.4/Resources/library,0.2.2,NA,R (>= 2.10),tibble,NA,dplyr,NA,CC0,NA,NA,NA,NA,no,3.4.0
openssl,/Library/Frameworks/R.framework/Versions/3.4/Resources/library,0.9.6,NA,NA,NA,NA,"testthat, digest, knitr, rmarkdown, jsonlite, jose",NA,MIT + file LICENSE,NA,NA,NA,NA,yes,3.4.0
packrat,/Library/Frameworks/R.framework/Versions/3.4/Resources/library,0.4.8-1,NA,R (>= 3.0.0),"tools, utils",NA,"testthat (>= 0.7), devtools, httr, knitr, rmarkdown",BiocInstaller,GPL-2,NA,NA,NA,NA,no,3.4.1
pander,/Library/Frameworks/R.framework/Versions/3.4/Resources/library,0.6.0,NA,R (>= 2.15.0),"grDevices, graphics, methods, utils, stats, digest, tools,
Rcpp",Rcpp,"grid, lattice, ggplot2 (>= 0.9.2), koRpus, futile.logger,
survival, microbenchmark, zoo, nlme, descr, MASS, knitr,
tables, reshape, memisc, Epi, randomForest, tseries, gtable,
rms",NA,AGPL-3 | file LICENSE,NA,NA,NA,NA,yes,3.4.0
parallel,/Library/Frameworks/R.framework/Versions/3.4/Resources/library,3.4.3,base,NA,"tools, compiler",NA,methods,"snow, nws, Rmpi",Part of R 3.4.3,NA,NA,NA,NA,yes,3.4.3
parsedate,/Library/Frameworks/R.framework/Versions/3.4/Resources/library,1.1.3,NA,methods,NA,NA,"covr, testthat",NA,GPL-2,NA,NA,NA,NA,yes,3.4.0
pbkrtest,/Library/Frameworks/R.framework/Versions/3.4/Resources/library,0.4-7,NA,"R (>= 3.2.3), lme4 (>= 1.1.10)","Matrix (>= 1.2.3), parallel, MASS, methods",NA,NA,NA,GPL (>= 2),NA,NA,NA,NA,no,3.4.0
pillar,/Library/Frameworks/R.framework/Versions/3.4/Resources/library,1.0.1,NA,NA,"cli, crayon (>= 1.3.4), methods, rlang, utf8",NA,"knitr, testthat",NA,GPL-3,NA,NA,NA,NA,no,3.4.3
pkgconfig,/Library/Frameworks/R.framework/Versions/3.4/Resources/library,2.0.1,NA,NA,utils,NA,"covr, testthat, disposables (>= 1.0.3)",NA,MIT + file LICENSE,NA,NA,NA,NA,no,3.4.0
PKI,/Library/Frameworks/R.framework/Versions/3.4/Resources/library,0.1-3,NA,"R (>= 2.9.0), base64enc",NA,NA,NA,gmp,GPL-2 | GPL-3 | file LICENSE,NA,NA,NA,NA,yes,3.4.0
placeholder,/Library/Frameworks/R.framework/Versions/3.4/Resources/library,0.0.1,NA,NA,bookdown,NA,NA,NA,NA,NA,NA,NA,NA,NA,3.4.0
plogr,/Library/Frameworks/R.framework/Versions/3.4/Resources/library,0.1-1,NA,NA,NA,NA,Rcpp,NA,MIT + file LICENSE,NA,NA,NA,NA,no,3.4.0
plotly,/Library/Frameworks/R.framework/Versions/3.4/Resources/library,4.7.1,NA,"R (>= 3.2.0), ggplot2 (>= 2.2.1)","tools, scales, httr, jsonlite, magrittr, digest, viridisLite,
base64enc, htmltools, htmlwidgets (>= 0.9), tidyr, hexbin,
RColorBrewer, dplyr, tibble, lazyeval (>= 0.2.0), crosstalk,
purrr, data.table",NA,"MASS, maps, ggthemes, GGally, testthat, knitr, devtools,
shiny (>= 0.14), curl, rmarkdown, Rserve, RSclient, Cairo,
broom, webshot, listviewer, dendextend, sf, RSelenium, png,
IRdisplay",NA,MIT + file LICENSE,NA,NA,NA,NA,no,3.4.1
plotrix,/Library/Frameworks/R.framework/Versions/3.4/Resources/library,3.6-6,NA,NA,"grDevices, graphics, stats, utils",NA,NA,NA,GPL (>= 2),NA,NA,NA,NA,no,3.4.1
plotROC,/Library/Frameworks/R.framework/Versions/3.4/Resources/library,2.2.0,NA,"R (>= 3.0.0), ggplot2","methods, grid, gridSVG, shiny, plyr",NA,"knitr, testthat, stringr, survivalROC, rmarkdown",NA,MIT + file LICENSE,NA,NA,NA,NA,no,3.4.1
plyr,/Library/Frameworks/R.framework/Versions/3.4/Resources/library,1.8.4,NA,R (>= 3.1.0),Rcpp (>= 0.11.0),Rcpp,"abind, testthat, tcltk, foreach, doParallel, itertools,
iterators, covr",NA,MIT + file LICENSE,NA,NA,NA,NA,yes,3.4.0
png,/Library/Frameworks/R.framework/Versions/3.4/Resources/library,0.1-7,NA,R (>= 2.9.0),NA,NA,NA,NA,GPL-2 | GPL-3,NA,NA,NA,NA,yes,3.4.0
polspline,/Library/Frameworks/R.framework/Versions/3.4/Resources/library,1.1.12,NA,NA,"stats, graphics",NA,NA,NA,GPL (>= 2),NA,NA,NA,NA,yes,3.4.0
polyclip,/Library/Frameworks/R.framework/Versions/3.4/Resources/library,1.6-1,NA,R (>= 3.0.0),NA,NA,NA,NA,BSL,NA,NA,NA,NA,yes,3.4.0
prabclus,/Library/Frameworks/R.framework/Versions/3.4/Resources/library,2.2-6,NA,"R (>= 2.10), MASS, mclust",NA,NA,"spdep, maptools, foreign, mvtnorm",NA,GPL,NA,NA,NA,NA,no,3.4.0
praise,/Library/Frameworks/R.framework/Versions/3.4/Resources/library,1.0.0,NA,NA,NA,NA,testthat,NA,MIT + file LICENSE,NA,NA,NA,NA,no,3.4.0
prettyunits,/Library/Frameworks/R.framework/Versions/3.4/Resources/library,1.0.2,NA,NA,"magrittr, assertthat, methods",NA,testthat,NA,MIT + file LICENSE,NA,NA,NA,NA,no,3.4.0
printr,/Library/Frameworks/R.framework/Versions/3.4/Resources/library,0.1,NA,NA,knitr (>= 1.16),NA,"tools, rmarkdown",NA,GPL,NA,NA,NA,NA,no,3.4.0
pROC,/Library/Frameworks/R.framework/Versions/3.4/Resources/library,1.10.0,NA,R (>= 2.14),"plyr, utils, methods, Rcpp (>= 0.11.1), ggplot2,",Rcpp,"microbenchmark, tcltk, MASS, logcondens, doParallel, testthat",NA,GPL (>= 3),NA,NA,NA,NA,yes,3.4.0
progress,/Library/Frameworks/R.framework/Versions/3.4/Resources/library,1.1.2,NA,NA,"prettyunits, R6",NA,testthat,NA,MIT + file LICENSE,NA,NA,NA,NA,no,3.4.0
proto,/Library/Frameworks/R.framework/Versions/3.4/Resources/library,1.0.0,NA,NA,NA,NA,"testthat, covr",NA,GPL-2,NA,NA,NA,NA,no,3.4.0
psych,/Library/Frameworks/R.framework/Versions/3.4/Resources/library,1.7.5,NA,R (>= 2.10),"mnormt,parallel,stats,graphics,grDevices,methods,foreign,lattice,nlme",NA,"GPArotation, lavaan, sem, lme4,Rcsdp, graph, Rgraphviz",NA,GPL (>= 2),NA,NA,NA,NA,no,3.4.1
purrr,/Library/Frameworks/R.framework/Versions/3.4/Resources/library,0.2.4,NA,R (>= 3.1),"magrittr (>= 1.5), rlang (>= 0.1), tibble",NA,"covr, dplyr (>= 0.4.3), knitr, rmarkdown, testthat",NA,GPL-3 | file LICENSE,NA,NA,NA,NA,yes,3.4.2
purrrlyr,/Library/Frameworks/R.framework/Versions/3.4/Resources/library,0.0.2,NA,NA,"magrittr (>= 1.5), dplyr (>= 0.4.3), purrr, Rcpp, lazyeval (>=
0.2.0)","Rcpp, BH","testthat, covr",NA,GPL-3 | file LICENSE,NA,NA,NA,NA,yes,3.4.0
quadprog,/Library/Frameworks/R.framework/Versions/3.4/Resources/library,1.5-5,NA,R (>= 2.15.0),NA,NA,NA,NA,GPL (>= 2),NA,NA,NA,NA,yes,3.4.0
quantmod,/Library/Frameworks/R.framework/Versions/3.4/Resources/library,0.4-10,NA,"xts(>= 0.9-0), zoo, TTR(>= 0.2), methods",curl,NA,"DBI,RMySQL,RSQLite,timeSeries,XML,downloader,jsonlite(>= 1.1)",NA,GPL-3,NA,NA,NA,NA,yes,3.4.1
quantreg,/Library/Frameworks/R.framework/Versions/3.4/Resources/library,5.34,NA,"R (>= 2.6), stats, SparseM","methods, graphics, Matrix, MatrixModels",NA,"tripack, akima, MASS, survival, rgl, logspline, nor1mix,
Formula, zoo",NA,GPL (>= 2),NA,NA,NA,NA,yes,3.4.2
R.methodsS3,/Library/Frameworks/R.framework/Versions/3.4/Resources/library,1.7.1,NA,R (>= 2.13.0),utils,NA,NA,NA,LGPL (>= 2.1),NA,NA,NA,NA,no,3.4.0
R.oo,/Library/Frameworks/R.framework/Versions/3.4/Resources/library,1.21.0,NA,"R (>= 2.13.0), R.methodsS3 (>= 1.7.1)","methods, utils",NA,tools,NA,LGPL (>= 2.1),NA,NA,NA,NA,no,3.4.0
R.utils,/Library/Frameworks/R.framework/Versions/3.4/Resources/library,2.6.0,NA,"R (>= 2.14.0), R.oo (>= 1.21.0)","methods, utils, tools, R.methodsS3 (>= 1.7.1)",NA,digest (>= 0.6.10),NA,LGPL (>= 2.1),NA,NA,NA,NA,no,3.4.2
R6,/Library/Frameworks/R.framework/Versions/3.4/Resources/library,2.2.2,NA,R (>= 3.0),NA,NA,"knitr, microbenchmark, pryr, testthat, ggplot2, scales",NA,MIT + file LICENSE,NA,NA,NA,NA,no,3.4.0
randomForest,/Library/Frameworks/R.framework/Versions/3.4/Resources/library,4.6-12,NA,"R (>= 2.5.0), stats",NA,NA,"RColorBrewer, MASS",NA,GPL (>= 2),NA,NA,NA,NA,yes,3.4.0
randomForestSRC,/Library/Frameworks/R.framework/Versions/3.4/Resources/library,2.5.1,NA,"R (>= 3.1.0),",parallel,NA,"glmnet, survival, pec, prodlim, mlbench",NA,GPL (>= 3),NA,NA,NA,NA,yes,3.4.2
randomUniformForest,/Library/Frameworks/R.framework/Versions/3.4/Resources/library,1.1.5,NA,R (>= 3.0.0),"methods, Rcpp (>= 0.11.1), parallel, doParallel, iterators,
foreach (>= 1.4.2), ggplot2, pROC, gtools, cluster, MASS",Rcpp,R.rsp,NA,BSD_3_clause + file LICENSE,NA,NA,NA,NA,yes,3.4.0
RANN,/Library/Frameworks/R.framework/Versions/3.4/Resources/library,2.5.1,NA,NA,NA,NA,testthat,NA,GPL (>= 3),NA,NA,NA,NA,yes,3.4.0
rappdirs,/Library/Frameworks/R.framework/Versions/3.4/Resources/library,0.3.1,NA,"R (>= 2.14), methods",NA,NA,"testthat, roxygen2",NA,MIT + file LICENSE,NA,NA,NA,NA,yes,3.4.0
raster,/Library/Frameworks/R.framework/Versions/3.4/Resources/library,2.6-7,NA,"methods, sp (>= 1.2-0), R (>= 3.0.0)",Rcpp,Rcpp,"rgdal (>= 0.9-1), rgeos (>= 0.3-8), ncdf4, igraph, tcltk,
parallel, rasterVis, MASS, sf",NA,GPL (>= 3),NA,NA,NA,NA,yes,3.4.2
RColorBrewer,/Library/Frameworks/R.framework/Versions/3.4/Resources/library,1.1-2,NA,R (>= 2.0.0),NA,NA,NA,NA,Apache License 2.0,NA,NA,NA,NA,no,3.4.0
Rcpp,/Library/Frameworks/R.framework/Versions/3.4/Resources/library,0.12.15,NA,R (>= 3.0.0),"methods, utils",NA,"RUnit, inline, rbenchmark, knitr, rmarkdown, pinp, pkgKitten
(>= 0.1.2)",NA,GPL (>= 2),NA,NA,NA,NA,yes,3.4.3
RcppArmadillo,/Library/Frameworks/R.framework/Versions/3.4/Resources/library,0.7.900.2.0,NA,NA,"Rcpp (>= 0.11.0), stats, utils",Rcpp,"RUnit, Matrix, pkgKitten",NA,GPL (>= 2),NA,NA,NA,NA,yes,3.4.0
RcppEigen,/Library/Frameworks/R.framework/Versions/3.4/Resources/library,0.3.3.3.0,NA,R (>= 2.15.1),"Matrix (>= 1.1-0), Rcpp (>= 0.11.0), stats, utils",Rcpp,"inline, RUnit, pkgKitten",NA,GPL (>= 2) | file LICENSE,NA,NA,NA,NA,yes,3.4.0
RcppRoll,/Library/Frameworks/R.framework/Versions/3.4/Resources/library,0.2.2,NA,R (>= 2.15.1),Rcpp,Rcpp,"zoo, microbenchmark, testthat, RcppArmadillo",NA,GPL (>= 2),NA,NA,NA,NA,yes,3.4.0
RCurl,/Library/Frameworks/R.framework/Versions/3.4/Resources/library,1.95-4.10,NA,"R (>= 3.0.0), methods, bitops",NA,NA,"Rcompression, XML",NA,BSD,NA,NA,NA,NA,yes,3.4.3
readr,/Library/Frameworks/R.framework/Versions/3.4/Resources/library,1.1.1,NA,R (>= 3.0.2),"Rcpp (>= 0.12.0.5), tibble, hms, R6","Rcpp, BH","curl, testthat, knitr, rmarkdown, stringi, covr",NA,GPL (>= 2) | file LICENSE,NA,NA,NA,NA,yes,3.4.0
readxl,/Library/Frameworks/R.framework/Versions/3.4/Resources/library,1.0.0,NA,NA,"cellranger, Rcpp (>= 0.11.6), tibble (>= 1.1)",Rcpp,"covr, knitr, rmarkdown, rprojroot (>= 1.1), testthat",NA,GPL-3,NA,NA,NA,NA,yes,3.4.0
rematch,/Library/Frameworks/R.framework/Versions/3.4/Resources/library,1.0.1,NA,NA,NA,NA,"covr, testthat",NA,MIT + file LICENSE,NA,NA,NA,NA,no,3.4.0
rematch2,/Library/Frameworks/R.framework/Versions/3.4/Resources/library,2.0.1,NA,NA,tibble,NA,"covr, testthat",NA,MIT + file LICENSE,NA,NA,NA,NA,no,3.4.1
reprex,/Library/Frameworks/R.framework/Versions/3.4/Resources/library,0.1.2,NA,R (>= 3.0.2),"callr, knitr, rmarkdown, tools, utils, whisker",NA,"covr, devtools, formatR, fortunes, miniUI, rstudioapi, shiny,
shinyjs, testthat",NA,MIT + file LICENSE,NA,NA,NA,NA,no,3.4.3
reprtree,/Library/Frameworks/R.framework/Versions/3.4/Resources/library,0.6,NA,"R (>= 2.14.0),
randomForest,
tree,
plotrix",NA,NA,NA,randomForest,GPL-2 | GPL-3,NA,NA,NA,NA,NA,3.4.2
repurrrsive,/Library/Frameworks/R.framework/Versions/3.4/Resources/library,0.0.0.9001,NA,R (>= 2.10),"tibble,
utils",NA,"gapminder,
jsonlite,
purrr,
rprojroot (>= 1.0-7),
testthat,
wesanderson,
xml2",NA,CC0,NA,NA,NA,NA,NA,3.4.0
reshape,/Library/Frameworks/R.framework/Versions/3.4/Resources/library,0.8.7,NA,R (>= 2.6.1),plyr,NA,NA,NA,MIT + file LICENSE,NA,NA,NA,NA,yes,3.4.1
reshape2,/Library/Frameworks/R.framework/Versions/3.4/Resources/library,1.4.2,NA,NA,"plyr (>= 1.8.1), stringr, Rcpp",Rcpp,"testthat (>= 0.8.0), lattice",NA,MIT + file LICENSE,NA,NA,NA,NA,yes,3.4.0
rex,/Library/Frameworks/R.framework/Versions/3.4/Resources/library,1.1.2,NA,NA,"magrittr, lazyeval",NA,"testthat, knitr, rmarkdown, dplyr, ggplot2, Hmisc, stringr,
rvest, roxygen2, covr",NA,MIT + file LICENSE,NA,NA,NA,NA,no,3.4.2
rgdal,/Library/Frameworks/R.framework/Versions/3.4/Resources/library,1.2-16,NA,"R (>= 3.3.0), methods, sp (>= 1.1-0)","grDevices, graphics, stats, utils",sp,NA,NA,GPL (>= 2),NA,NA,NA,NA,yes,3.4.3
rgeos,/Library/Frameworks/R.framework/Versions/3.4/Resources/library,0.3-26,NA,R (>= 3.3.0),"methods, sp (>= 1.1-0), utils, stats, graphics",sp,"maptools (>= 0.8-5), testthat, XML, maps, rgdal",NA,GPL (>= 2),NA,NA,NA,NA,yes,3.4.2
RgoogleMaps,/Library/Frameworks/R.framework/Versions/3.4/Resources/library,1.4.1,NA,R (>= 2.10),"graphics, stats, utils, grDevices, methods, png",NA,"PBSmapping, maptools, sp, loa, RColorBrewer, leaflet",NA,GPL,NA,NA,NA,NA,no,3.4.0
rjson,/Library/Frameworks/R.framework/Versions/3.4/Resources/library,0.2.15,NA,R (>= 3.1.0),NA,NA,NA,NA,GPL-2,NA,NA,NA,NA,yes,3.4.0
RJSONIO,/Library/Frameworks/R.framework/Versions/3.4/Resources/library,1.3-0,NA,NA,methods,NA,NA,NA,BSD_3_clause + file LICENSE,NA,NA,NA,NA,yes,3.4.0
rlang,/Library/Frameworks/R.framework/Versions/3.4/Resources/library,0.1.6,NA,R (>= 3.1.0),NA,NA,"knitr, rmarkdown (>= 0.2.65), testthat, covr",NA,GPL-3,NA,NA,NA,NA,yes,3.4.3
rlist,/Library/Frameworks/R.framework/Versions/3.4/Resources/library,0.4.6.1,NA,R (>= 2.15),"yaml, jsonlite, XML, data.table",NA,"testthat, stringdist, pipeR",NA,MIT + file LICENSE,NA,NA,NA,NA,no,3.4.0
rmarkdown,/Library/Frameworks/R.framework/Versions/3.4/Resources/library,1.8,NA,R (>= 3.0),"tools, utils, knitr (>= 1.14), yaml (>= 2.1.5), htmltools (>=
0.3.5), evaluate (>= 0.8), base64enc, jsonlite, rprojroot,
mime, methods, stringr (>= 1.2.0)",NA,"shiny (>= 0.11), tufte, testthat, digest, tibble",NA,GPL-3,NA,NA,NA,NA,no,3.4.2
rms,/Library/Frameworks/R.framework/Versions/3.4/Resources/library,5.1-1,NA,"Hmisc (>= 4.0-2), survival (>= 2.40-1), lattice, ggplot2 (>=
2.2), SparseM","methods, quantreg, rpart, nlme (>= 3.1-123), polspline,
multcomp, htmlTable, htmltools",NA,"boot, tcltk, plotly (>= 4.5.6)",NA,GPL (>= 2),NA,NA,NA,NA,yes,3.4.0
RMySQL,/Library/Frameworks/R.framework/Versions/3.4/Resources/library,0.10.12,NA,"R (>= 2.8.0), DBI (>= 0.4)",methods,NA,testthat,NA,GPL-2,NA,NA,NA,NA,yes,3.4.1
ROAuth,/Library/Frameworks/R.framework/Versions/3.4/Resources/library,0.9.6,NA,R (>= 2.12.0),"RCurl, digest, methods",NA,NA,NA,Artistic-2.0,NA,NA,NA,NA,no,3.4.0
robustbase,/Library/Frameworks/R.framework/Versions/3.4/Resources/library,0.92-7,NA,R (>= 3.0.2),"stats, graphics, utils, methods, DEoptimR",NA,"grid, MASS, lattice, boot, cluster, Matrix, robust,
fit.models, MPV, xtable, ggplot2, GGally, RColorBrewer,
reshape2, sfsmisc, catdata",NA,GPL (>= 2),NA,NA,NA,NA,yes,3.4.0
ROCR,/Library/Frameworks/R.framework/Versions/3.4/Resources/library,1.0-7,NA,"gplots, methods",NA,NA,NA,NA,GPL (>= 2),NA,NA,NA,NA,no,3.4.0
RoogleVision,/Library/Frameworks/R.framework/Versions/3.4/Resources/library,0.0.1.1,NA,NA,"RCurl,
googleAuthR,
stringr",NA,NA,NA,GPL (>= 2) | MIT + file LICENSE,NA,NA,NA,NA,NA,3.4.2
roxygen2,/Library/Frameworks/R.framework/Versions/3.4/Resources/library,6.0.1,NA,R (>= 3.0.2),"stringr (>= 0.5), stringi, brew, digest, methods, Rcpp (>=
0.11.0), R6, desc, commonmark, xml2, utils",Rcpp,"testthat (>= 0.8.0), knitr, devtools, rmarkdown, covr",NA,GPL (>= 2),NA,NA,NA,NA,yes,3.4.0
rpart,/Library/Frameworks/R.framework/Versions/3.4/Resources/library,4.1-11,recommended,"R (>= 2.15.0), graphics, stats, grDevices",NA,NA,survival,NA,GPL-2 | GPL-3,NA,NA,NA,NA,yes,3.4.3
rprojroot,/Library/Frameworks/R.framework/Versions/3.4/Resources/library,1.2,NA,R (>= 3.0.0),backports,NA,"testthat, knitr, withr, rmarkdown",NA,GPL-3,NA,NA,NA,NA,no,3.4.0
rrefine,/Library/Frameworks/R.framework/Versions/3.4/Resources/library,1.0,NA,NA,"httr (>= 1.1.0), rlist, readr",NA,"knitr, rmarkdown",NA,GPL-3,NA,NA,NA,NA,no,3.4.0
rsconnect,/Library/Frameworks/R.framework/Versions/3.4/Resources/library,0.8.5,NA,R (>= 3.0.0),"digest, PKI, RCurl, RJSONIO, packrat (>= 0.4.8-1), yaml (>=
2.1.5), rstudioapi (>= 0.5)",NA,"scrypt, knitr, testthat, rmarkdown (>= 1.1), plumber (>=
0.3.2)",BiocInstaller,GPL-2,NA,NA,NA,NA,no,3.4.1
RSelenium,/Library/Frameworks/R.framework/Versions/3.4/Resources/library,1.7.1,NA,R (>= 3.0.0),"XML,methods,caTools,tools,utils, openssl, httr, wdman(>=
0.2.2), binman",NA,"testthat, knitr, Rcompression, covr, rmarkdown",NA,AGPL-3,NA,NA,NA,NA,no,3.4.0
RSocrata,/Library/Frameworks/R.framework/Versions/3.4/Resources/library,1.7.3-2,NA,R (>= 3.3.0),"httr (>= 1.0.0), jsonlite (>= 0.9.16), mime (>= 0.3), plyr (>=
1.8.4)",NA,"testthat (>= 0.10.0), roxygen2 (>= 4.1.0), readr (>= 0.2.2)",NA,MIT + file LICENSE,NA,NA,NA,NA,no,3.4.1
RSQLite,/Library/Frameworks/R.framework/Versions/3.4/Resources/library,2.0,NA,R (>= 3.1.0),"bit64, blob (>= 1.1), DBI (>= 0.4-9), memoise, methods,
pkgconfig, Rcpp (>= 0.12.7)","Rcpp, BH, plogr","DBItest, knitr, rmarkdown, testthat",NA,LGPL (>= 2),NA,NA,NA,NA,yes,3.4.1
rstudioapi,/Library/Frameworks/R.framework/Versions/3.4/Resources/library,0.7,NA,NA,NA,NA,"testthat, knitr, rmarkdown",NA,MIT + file LICENSE,NA,NA,NA,NA,no,3.4.1
rticles,/Library/Frameworks/R.framework/Versions/3.4/Resources/library,0.4.1,NA,NA,"utils, rmarkdown, knitr, yaml",NA,testthat,NA,GPL-3,NA,NA,NA,NA,no,3.4.0
rtweet,/Library/Frameworks/R.framework/Versions/3.4/Resources/library,0.4.0,NA,R (>= 3.1.0),"httr (>= 1.0.0), jsonlite, magrittr, openssl",NA,"knitr, rmarkdown, testthat",NA,MIT + file LICENSE,NA,NA,NA,NA,no,3.4.0
rvest,/Library/Frameworks/R.framework/Versions/3.4/Resources/library,0.3.2,NA,"R (>= 3.0.1), xml2","httr (>= 0.5), selectr, magrittr",NA,"testthat, knitr, png, stringi (>= 0.3.1), rmarkdown, covr",NA,GPL-3,NA,NA,NA,NA,no,3.4.0
rworldmap,/Library/Frameworks/R.framework/Versions/3.4/Resources/library,1.3-6,NA,"R (>= 2.10.0), sp","maptools, fields, methods",NA,"rgdal, rworldxtra, RColorBrewer, classInt",NA,GPL (>= 2),NA,NA,NA,NA,no,3.4.0
sandwich,/Library/Frameworks/R.framework/Versions/3.4/Resources/library,2.4-0,NA,R (>= 2.10.0),"stats, utils, zoo",NA,"AER, car, geepack, lattice, lmtest, MASS, multiwayvcov, pcse,
plm, pscl, scatterplot3d, stats4, strucchange, survival",NA,GPL-2 | GPL-3,NA,NA,NA,NA,no,3.4.1
scales,/Library/Frameworks/R.framework/Versions/3.4/Resources/library,0.5.0.9000,NA,R (>= 2.13),"RColorBrewer,
dichromat,
plyr,
munsell (>= 0.2),
labeling,
Rcpp,
R6,
viridisLite",Rcpp,"testthat (>= 0.8),
bit64,
covr,
hms",NA,MIT + file LICENSE,NA,NA,NA,NA,NA,3.4.1
SDMTools,/Library/Frameworks/R.framework/Versions/3.4/Resources/library,1.1-221,NA,NA,R.utils,NA,"adehabitat, raster, sp",NA,GPL (>= 3),NA,NA,NA,NA,yes,3.4.0
searchConsoleR,/Library/Frameworks/R.framework/Versions/3.4/Resources/library,0.2.1,NA,R (>= 3.2.0),"googleAuthR (>= 0.2.0), stringr (>= 1.0.0)",NA,"shiny (>= 0.12.1), knitr, rmarkdown",NA,MIT + file LICENSE,NA,NA,NA,NA,no,3.4.0
seasonal,/Library/Frameworks/R.framework/Versions/3.4/Resources/library,1.6.1,NA,R (>= 2.15),x13binary,NA,seasonalview (>= 0.1.3),NA,GPL-3,NA,NA,NA,NA,no,3.4.0
selectr,/Library/Frameworks/R.framework/Versions/3.4/Resources/library,0.3-1,NA,R (>= 2.15.2),"methods, stringr",NA,"testthat, XML, xml2",NA,BSD_3_clause + file LICENCE,NA,NA,NA,NA,no,3.4.0
semver,/Library/Frameworks/R.framework/Versions/3.4/Resources/library,0.2.0,NA,NA,"Rcpp (>= 0.12.8), assertthat, utils",Rcpp,"testthat, covr, knitr, rmarkdown",NA,MIT + file LICENSE,NA,NA,NA,NA,yes,3.4.0
servr,/Library/Frameworks/R.framework/Versions/3.4/Resources/library,0.8,NA,R (>= 3.0.0),"mime (>= 0.2), httpuv (>= 1.3.2), jsonlite",NA,"tools, later, knitr (>= 1.9), rmarkdown",NA,GPL,NA,NA,NA,NA,no,3.4.2
sf,/Library/Frameworks/R.framework/Versions/3.4/Resources/library,0.5-5,NA,"R (>= 3.3.0), methods","utils, stats, tools, graphics, grDevices, grid, Rcpp, DBI (>=
0.5), units (>= 0.4-6), classInt, magrittr",Rcpp,"geosphere (>= 1.5-5), maptools, maps, rgdal, rgeos, sp (>=
1.2-4), raster, RSQLite, RPostgreSQL, tibble, rlang, dplyr (>=
0.7-0), tidyr (>= 0.7-0), ggplot2, mapview, tmap, testthat,
knitr, covr, microbenchmark, spatstat",NA,GPL-2 | MIT + file LICENSE,NA,NA,NA,NA,yes,3.4.2
shiny,/Library/Frameworks/R.framework/Versions/3.4/Resources/library,1.0.5,NA,"R (>= 3.0.2), methods","utils, httpuv (>= 1.3.5), mime (>= 0.3), jsonlite (>= 0.9.16),
xtable, digest, htmltools (>= 0.3.5), R6 (>= 2.0), sourcetools,
tools",NA,"datasets, Cairo (>= 1.5-5), testthat, knitr (>= 1.6),
markdown, rmarkdown, ggplot2, magrittr",NA,GPL-3 | file LICENSE,NA,NA,NA,NA,no,3.4.1
slam,/Library/Frameworks/R.framework/Versions/3.4/Resources/library,0.1-40,NA,R (>= 3.3.1),stats,NA,NA,"Matrix, SparseM, spam",GPL-2,NA,NA,NA,NA,yes,3.4.0
SnowballC,/Library/Frameworks/R.framework/Versions/3.4/Resources/library,0.5.1,NA,NA,NA,NA,NA,NA,BSD_2_clause + file LICENSE,NA,NA,NA,NA,yes,3.4.0
sourcetools,/Library/Frameworks/R.framework/Versions/3.4/Resources/library,0.1.6,NA,R (>= 3.0.2),NA,NA,testthat,NA,MIT + file LICENSE,NA,NA,NA,NA,yes,3.4.0
sp,/Library/Frameworks/R.framework/Versions/3.4/Resources/library,1.2-5,NA,"R (>= 3.0.0), methods","utils, stats, graphics, grDevices, lattice, grid",NA,"RColorBrewer, rgdal (>= 0.8-7), rgeos (>= 0.3-13), gstat,
maptools, deldir",NA,GPL (>= 2),NA,NA,NA,NA,yes,3.4.1
spam,/Library/Frameworks/R.framework/Versions/3.4/Resources/library,2.1-1,NA,"R (>= 3.1), dotCall64, grid, methods",NA,NA,"spam64, fields, SparseM, Matrix, testthat, R.rsp, truncdist",NA,LGPL-2,NA,NA,NA,NA,yes,3.4.1
sparklyr,/Library/Frameworks/R.framework/Versions/3.4/Resources/library,0.6.2,NA,R (>= 3.1.2),"assertthat, base64enc, broom, config (>= 0.2), DBI (>= 0.6-1),
dplyr (>= 0.7.2), dbplyr (>= 1.1.0), digest, httr (>= 1.2.1),
jsonlite (>= 1.4), lazyeval (>= 0.2.0), methods, rappdirs,
readr (>= 1.1.0), rlang (>= 0.1), rprojroot, rstudioapi, shiny
(>= 1.0.1), withr, xml2",NA,"ggplot2, janeaustenr, nycflights13, testthat, RCurl",NA,Apache License 2.0 | file LICENSE,NA,NA,NA,NA,no,3.4.1
SparseM,/Library/Frameworks/R.framework/Versions/3.4/Resources/library,1.77,NA,"R (>= 2.15), methods","graphics, stats, utils",NA,NA,NA,GPL (>= 2),NA,NA,NA,NA,yes,3.4.0
spatial,/Library/Frameworks/R.framework/Versions/3.4/Resources/library,7.3-11,recommended,"R (>= 3.0.0), graphics, stats, utils",NA,NA,MASS,NA,GPL-2 | GPL-3,NA,NA,NA,NA,yes,3.4.3
spatialEco,/Library/Frameworks/R.framework/Versions/3.4/Resources/library,1.0-0,NA,R (>= 3.4.0),"sp, raster, spatstat, cluster, spdep, SDMTools, readr, RCurl,
rgeos, RANN, rms, yaImpute, SpatialPack, MASS, rgdal, methods",NA,NA,NA,GPL-3,NA,NA,NA,NA,no,3.4.3
SpatialPack,/Library/Frameworks/R.framework/Versions/3.4/Resources/library,0.2-3,NA,NA,NA,NA,geoR,NA,GPL (>= 2),NA,NA,NA,NA,yes,3.4.0
spatstat,/Library/Frameworks/R.framework/Versions/3.4/Resources/library,1.54-0,NA,"R (>= 3.3.0), spatstat.data (>= 1.2-0), stats, graphics,
grDevices, utils, methods, nlme, rpart","spatstat.utils (>= 1.8-0), mgcv, Matrix, deldir (>= 0.0-21),
abind, tensor, polyclip (>= 1.5-0), goftest",NA,"sm, maptools, gsl, locfit, spatial, rpanel, tkrplot,
RandomFields (>= 3.1.24.1), RandomFieldsUtils(>= 0.3.3.1),
fftwtools (>= 0.9-8)",NA,GPL (>= 2),NA,NA,NA,NA,yes,3.4.3
spatstat.data,/Library/Frameworks/R.framework/Versions/3.4/Resources/library,1.2-0,NA,R (>= 3.3.0),spatstat.utils,NA,spatstat,NA,GPL (>= 2),NA,NA,NA,NA,no,3.4.3
spatstat.utils,/Library/Frameworks/R.framework/Versions/3.4/Resources/library,1.8-0,NA,"R (>= 3.3.0), stats, graphics, grDevices, utils, methods",NA,NA,spatstat,NA,GPL (>= 2),NA,NA,NA,NA,yes,3.4.3
spData,/Library/Frameworks/R.framework/Versions/3.4/Resources/library,0.2.6.7,NA,R (>= 3.3.0),NA,NA,"foreign, maptools, rgdal, sf, sp, spDataLarge (>= 0.2.3.1),
spdep",NA,CC0,NA,NA,NA,NA,no,3.4.3
spdep,/Library/Frameworks/R.framework/Versions/3.4/Resources/library,0.7-4,NA,"R (>= 3.0.0), methods, sp (>= 1.0), Matrix (>= 1.0.12), spData
(>= 0.2.6.0)","LearnBayes, deldir, boot (>= 1.3-1), splines, coda, nlme,
MASS, stats, gmodels, expm, graphics, grDevices, utils",NA,"sf, parallel, spam(>= 0.13-1), RANN, rgeos, RColorBrewer,
lattice, xtable, maptools (>= 0.5-4), foreign, igraph, knitr,
rgdal, classInt",NA,GPL (>= 2),NA,NA,NA,NA,yes,3.4.3
splines,/Library/Frameworks/R.framework/Versions/3.4/Resources/library,3.4.3,base,NA,"graphics, stats",NA,"Matrix, methods",NA,Part of R 3.4.3,NA,NA,NA,NA,yes,3.4.3
stargazer,/Library/Frameworks/R.framework/Versions/3.4/Resources/library,5.2,NA,NA,"stats, utils",NA,NA,"AER, betareg, brglm, censReg, dynlm, eha, erer, ergm, fGarch,
gee, glmx, gmm, lfe, lme4, lmtest, MASS, mclogit, mgcv, mlogit,
mnlogit, nlme, nnet, ordinal, plm, pscl, quantreg, rms,
relevent, robustbase, sampleSelection, spdep, survey, survival,
Zelig",GPL (>= 2),NA,NA,NA,NA,no,3.4.0
stats,/Library/Frameworks/R.framework/Versions/3.4/Resources/library,3.4.3,base,NA,"utils, grDevices, graphics",NA,"MASS, Matrix, SuppDists, methods, stats4",NA,Part of R 3.4.3,NA,NA,NA,NA,yes,3.4.3
stats4,/Library/Frameworks/R.framework/Versions/3.4/Resources/library,3.4.3,base,NA,"graphics, methods, stats",NA,NA,NA,Part of R 3.4.3,NA,NA,NA,NA,NA,3.4.3
streamR,/Library/Frameworks/R.framework/Versions/3.4/Resources/library,0.2.1,NA,"R (>= 2.12.0), RCurl, rjson",NA,NA,ROAuth (>= 0.9.0),NA,GPL-2,NA,NA,NA,NA,no,3.4.0
stringdist,/Library/Frameworks/R.framework/Versions/3.4/Resources/library,0.9.4.6,NA,R (>= 2.15.3),parallel,NA,testthat,NA,GPL-3,NA,NA,NA,NA,yes,3.4.1
stringi,/Library/Frameworks/R.framework/Versions/3.4/Resources/library,1.1.5,NA,R (>= 2.14),"tools, utils, stats",NA,NA,NA,file LICENSE,yes,NA,NA,NA,yes,3.4.0
stringr,/Library/Frameworks/R.framework/Versions/3.4/Resources/library,1.2.0,NA,R (>= 2.14),"stringi (>= 0.4.1), magrittr",NA,"testthat, knitr, htmltools, htmlwidgets, rmarkdown, covr",NA,GPL-2 | file LICENSE,NA,NA,NA,NA,no,3.4.0
styler,/Library/Frameworks/R.framework/Versions/3.4/Resources/library,1.0.0,NA,NA,"backports, cli, enc, magrittr, purrr, rematch2, rlang,
rprojroot, tibble, withr",NA,"data.tree, dplyr, here, knitr, mockr, rmarkdown, rstudioapi,
testthat",NA,GPL-3,NA,NA,NA,NA,no,3.4.3
subprocess,/Library/Frameworks/R.framework/Versions/3.4/Resources/library,0.8.0,NA,R (>= 3.2.0),NA,NA,"mockery, testthat, knitr, rmarkdown (>= 1.0)",NA,MIT + file LICENSE,NA,NA,NA,NA,yes,3.4.0
survival,/Library/Frameworks/R.framework/Versions/3.4/Resources/library,2.41-3,recommended,R (>= 2.13.0),"graphics, Matrix, methods, splines, stats, utils",NA,NA,NA,LGPL (>= 2),NA,NA,NA,NA,yes,3.4.3
tcltk,/Library/Frameworks/R.framework/Versions/3.4/Resources/library,3.4.3,base,NA,utils,NA,NA,NA,Part of R 3.4.3,NA,NA,NA,NA,yes,3.4.3
telegram,/Library/Frameworks/R.framework/Versions/3.4/Resources/library,0.6.1,NA,R (>= 3.2.3),"R6, httr, jsonlite, curl, utils",NA,NA,NA,GPL-3,NA,NA,NA,NA,NA,3.4.1
tensor,/Library/Frameworks/R.framework/Versions/3.4/Resources/library,1.5,NA,NA,NA,NA,NA,NA,GPL (>= 2),NA,NA,NA,NA,NA,3.4.0
testthat,/Library/Frameworks/R.framework/Versions/3.4/Resources/library,1.0.2,NA,R (>= 3.1.0),"digest, crayon, praise, magrittr, R6, methods",NA,"devtools, withr, covr",NA,MIT + file LICENSE,NA,NA,NA,NA,yes,3.4.0
TH.data,/Library/Frameworks/R.framework/Versions/3.4/Resources/library,1.0-8,NA,"R (>= 2.10.0), survival, MASS",NA,NA,"dplyr, gdata, plyr",NA,GPL-3,NA,NA,NA,NA,no,3.4.0
tibble,/Library/Frameworks/R.framework/Versions/3.4/Resources/library,1.4.1,NA,R (>= 3.1.0),"crayon, methods, pillar, rlang, utils",NA,"covr, dplyr, import, knitr (>= 1.5.32), microbenchmark,
mockr, nycflights13, testthat, rmarkdown, withr",NA,MIT + file LICENSE,NA,NA,NA,NA,yes,3.4.2
tidyr,/Library/Frameworks/R.framework/Versions/3.4/Resources/library,0.7.2,NA,R (>= 3.1.0),"dplyr (>= 0.7.0), glue, magrittr, purrr, rlang, Rcpp, stringi,
tibble, tidyselect",Rcpp,"knitr, testthat, covr, gapminder, rmarkdown",NA,MIT + file LICENSE,NA,NA,NA,NA,yes,3.4.2
tidyselect,/Library/Frameworks/R.framework/Versions/3.4/Resources/library,0.2.2,NA,R (>= 3.1.0),"glue, purrr, rlang (>= 0.1), Rcpp (>= 0.12.0)","Rcpp (>= 0.12.0),","dplyr, testthat",NA,GPL-3,NA,NA,NA,NA,yes,3.4.2
tidyverse,/Library/Frameworks/R.framework/Versions/3.4/Resources/library,1.2.1,NA,NA,"broom (>= 0.4.2), cli (>= 1.0.0), crayon (>= 1.3.4), dplyr (>=
0.7.4), dbplyr (>= 1.1.0), forcats (>= 0.2.0), ggplot2 (>=
2.2.1), haven (>= 1.1.0), hms (>= 0.3), httr (>= 1.3.1),
jsonlite (>= 1.5), lubridate (>= 1.7.1), magrittr (>= 1.5),
modelr (>= 0.1.1), purrr (>= 0.2.4), readr (>= 1.1.1), readxl
(>= 1.0.0), reprex (>= 0.1.1), rlang (>= 0.1.4), rstudioapi (>=
0.7), rvest (>= 0.3.2), stringr (>= 1.2.0), tibble (>= 1.3.4),
tidyr (>= 0.7.2), xml2 (>= 1.1.1)",NA,"feather (>= 0.3.1), knitr (>= 1.17), rmarkdown (>= 1.7.4)",NA,GPL-3 | file LICENSE,NA,NA,NA,NA,no,3.4.2
tigris,/Library/Frameworks/R.framework/Versions/3.4/Resources/library,0.5.3,NA,R (>= 3.0.0),"stringr, magrittr, rgdal, rgeos, sp, utils, rappdirs,
maptools, httr, uuid, sf, dplyr",NA,"acs, testthat, ggplot2, ggthemes, leaflet, knitr",NA,MIT + file LICENSE,NA,NA,NA,NA,no,3.4.0
timeDate,/Library/Frameworks/R.framework/Versions/3.4/Resources/library,3012.100,NA,"R (>= 2.15.1), graphics, utils, stats, methods",NA,NA,"date, RUnit",NA,GPL (>= 2),NA,NA,NA,NA,no,3.4.0
tm,/Library/Frameworks/R.framework/Versions/3.4/Resources/library,0.7-3,NA,"R (>= 3.2.0), NLP (>= 0.1-6.2)","Rcpp, parallel, slam (>= 0.1-37), stats, tools, utils,
graphics, xml2","BH, Rcpp","antiword, filehash, methods, pdftools, Rcampdf, Rgraphviz,
Rpoppler, SnowballC, testthat, tm.lexicon.GeneralInquirer",NA,GPL-3,NA,NA,NA,NA,yes,3.4.3
tools,/Library/Frameworks/R.framework/Versions/3.4/Resources/library,3.4.3,base,NA,NA,NA,"codetools, methods, xml2, curl",NA,Part of R 3.4.3,NA,NA,NA,NA,yes,3.4.3
topicmodels,/Library/Frameworks/R.framework/Versions/3.4/Resources/library,0.2-6,NA,R (>= 2.15.0),"stats4, methods, modeltools, slam, tm (>= 0.6)",NA,"lasso2, lattice, lda, OAIHarvester, SnowballC, XML,
corpus.JSS.papers",NA,GPL-2,NA,NA,NA,NA,yes,3.4.0
tree,/Library/Frameworks/R.framework/Versions/3.4/Resources/library,1.0-37,NA,"R (>= 2.15.0), grDevices, graphics, stats",NA,NA,MASS,NA,GPL-2 | GPL-3,NA,NA,NA,NA,yes,3.4.0
trimcluster,/Library/Frameworks/R.framework/Versions/3.4/Resources/library,0.1-2,NA,R (>= 1.9.0),NA,NA,fpc,NA,GPL,NA,NA,NA,NA,NA,3.4.0
tseries,/Library/Frameworks/R.framework/Versions/3.4/Resources/library,0.10-42,NA,R (>= 2.10.0),"graphics, stats, utils, quadprog, zoo, quantmod (>= 0.4.9)",NA,NA,NA,GPL-2,NA,NA,NA,NA,yes,3.4.1
TTR,/Library/Frameworks/R.framework/Versions/3.4/Resources/library,0.23-2,NA,NA,"xts (>= 0.10-0), zoo, curl",xts,RUnit,quantmod,GPL-2,NA,NA,NA,NA,yes,3.4.1
twitteR,/Library/Frameworks/R.framework/Versions/3.4/Resources/library,1.1.9,NA,R (>= 2.12.0),"methods, bit64, rjson, DBI (>= 0.3.1), httr (>= 1.0.0)",NA,"RSQLite, RMySQL",NA,Artistic-2.0,NA,NA,NA,NA,no,3.4.0
udunits2,/Library/Frameworks/R.framework/Versions/3.4/Resources/library,0.13,NA,R (>= 2.10.0),NA,NA,NA,NA,GPL-2,NA,NA,NA,NA,yes,3.4.0
units,/Library/Frameworks/R.framework/Versions/3.4/Resources/library,0.4-6,NA,R (>= 3.0.0),udunits2 (>= 0.13),NA,"NISTunits, measurements, xml2, tibble, knitr, testthat,
ggforce, magrittr",NA,GPL-2,NA,NA,NA,NA,no,3.4.1
usethis,/Library/Frameworks/R.framework/Versions/3.4/Resources/library,1.2.0,NA,R (>= 3.1),"backports, clipr, clisymbols, crayon, curl, desc, gh, git2r,
httr, rematch2, rmarkdown, rprojroot, rstudioapi, styler,
whisker",NA,"covr, roxygen2, testthat (>= 2.0.0), withr",NA,GPL-3,NA,NA,NA,NA,no,3.4.3
utf8,/Library/Frameworks/R.framework/Versions/3.4/Resources/library,1.1.3,NA,R (>= 2.10),NA,NA,"corpus, knitr, rmarkdown, testthat",NA,Apache License (== 2.0) | file LICENSE,NA,NA,NA,NA,yes,3.4.2
utils,/Library/Frameworks/R.framework/Versions/3.4/Resources/library,3.4.3,base,NA,NA,NA,"methods, XML",NA,Part of R 3.4.3,NA,NA,NA,NA,yes,3.4.3
uuid,/Library/Frameworks/R.framework/Versions/3.4/Resources/library,0.1-2,NA,R (>= 2.9.0),NA,NA,NA,NA,MIT + file LICENSE,NA,NA,NA,NA,yes,3.4.0
viridis,/Library/Frameworks/R.framework/Versions/3.4/Resources/library,0.4.0,NA,"R (>= 2.10), viridisLite (>= 0.2.0)","stats, ggplot2 (>= 1.0.1), gridExtra",NA,"hexbin (>= 1.27.0), scales, MASS, knitr, dichromat,
colorspace, rasterVis, httr, mapproj, vdiffr, svglite (>=
1.2.0), testthat, covr, rmarkdown",NA,MIT + file LICENSE,NA,NA,NA,NA,no,3.4.0
viridisLite,/Library/Frameworks/R.framework/Versions/3.4/Resources/library,0.2.0,NA,R (>= 2.10),NA,NA,"hexbin (>= 1.27.0), ggplot2 (>= 1.0.1), testthat, covr",NA,MIT + file LICENSE,NA,NA,NA,NA,no,3.4.0
wdman,/Library/Frameworks/R.framework/Versions/3.4/Resources/library,0.2.2,NA,R (>= 3.2),"binman, assertthat, subprocess (>= 0.8.0), yaml, semver(>=
0.2.0), utils",NA,"testthat, covr, knitr, rmarkdown",NA,MIT + file LICENSE,NA,NA,NA,NA,no,3.4.0
whisker,/Library/Frameworks/R.framework/Versions/3.4/Resources/library,0.3-2,NA,NA,NA,NA,markdown,NA,GPL-3,NA,NA,NA,NA,no,3.4.0
withr,/Library/Frameworks/R.framework/Versions/3.4/Resources/library,2.1.1.9000,NA,R (>= 3.0.2),"stats,
graphics,
grDevices",NA,"testthat,
covr,
lattice,
DBI,
RSQLite,
methods,
knitr,
rmarkdown",NA,GPL (>= 2),NA,NA,NA,NA,NA,3.4.3
wordcloud,/Library/Frameworks/R.framework/Versions/3.4/Resources/library,2.5,NA,"methods, RColorBrewer","slam, Rcpp (>= 0.9.4)",Rcpp,tm (>= 0.6),NA,LGPL-2.1,NA,NA,NA,NA,yes,3.4.0
x13binary,/Library/Frameworks/R.framework/Versions/3.4/Resources/library,1.1.39-1,NA,NA,NA,NA,NA,NA,file LICENSE,NA,no,NA,NA,no,3.4.0
XML,/Library/Frameworks/R.framework/Versions/3.4/Resources/library,3.98-1.9,NA,"R (>= 2.13.0), methods, utils",NA,NA,"bitops, RCurl",NA,BSD_2_clause + file LICENSE,NA,NA,NA,NA,yes,3.4.1
xml2,/Library/Frameworks/R.framework/Versions/3.4/Resources/library,1.1.1,NA,R (>= 3.1.0),Rcpp,"Rcpp (>= 0.11.4.6), BH","testthat, curl, covr, knitr, rmarkdown, magrittr, httr",NA,GPL (>= 2),NA,NA,NA,NA,yes,3.4.0
xtable,/Library/Frameworks/R.framework/Versions/3.4/Resources/library,1.8-2,NA,R (>= 2.10.0),"stats, utils",NA,"knitr, lsmeans, spdep, splm, sphet, plm, zoo, survival",NA,GPL (>= 2),NA,NA,NA,NA,no,3.4.0
xts,/Library/Frameworks/R.framework/Versions/3.4/Resources/library,0.10-0,NA,zoo (>= 1.7-12),methods,zoo,"timeSeries, timeDate, tseries, chron, fts, tis, RUnit",NA,GPL (>= 2),NA,NA,NA,NA,yes,3.4.1
yaImpute,/Library/Frameworks/R.framework/Versions/3.4/Resources/library,1.0-29,NA,R (>= 3.0.0),"grDevices, graphics, stats, utils",NA,"vegan, ccaPP, randomForest, gam, fastICA, parallel",NA,GPL (>= 2),NA,NA,NA,NA,yes,3.4.3
yaml,/Library/Frameworks/R.framework/Versions/3.4/Resources/library,2.1.14,NA,NA,NA,NA,testthat,NA,BSD_3_clause + file LICENSE,NA,NA,NA,NA,yes,3.4.0
zipcode,/Library/Frameworks/R.framework/Versions/3.4/Resources/library,1.0,NA,R (>= 2.10),NA,NA,NA,NA,CC BY-SA 2.0 + file LICENSE,NA,NA,NA,NA,no,3.4.0
zoo,/Library/Frameworks/R.framework/Versions/3.4/Resources/library,1.8-0,NA,"R (>= 2.10.0), stats","utils, graphics, grDevices, lattice (>= 0.20-27)",NA,"coda, chron, DAAG, fts, ggplot2, mondate, scales,
strucchange, timeDate, timeSeries, tis, tseries, xts",NA,GPL-2 | GPL-3,NA,NA,NA,NA,yes,3.4.0
